,label,distance,speed,acc,bearing,jerk,brate,brrate
0,bike,21.22594101,2.653242626,-0.189672925,290.4470824,0.023642983,-19.50805413,4.003895257
1,bike,15.90202918,1.135859227,-0.000529065,134.3826493,0.019251152,12.52310793,-1.39708906
2,bike,20.31214179,1.128452322,0.268987063,309.7061603,-0.01645154,-7.036138912,0.446452469
3,bike,746.2774321,5.970219456,-0.027140648,183.0556599,-0.000987005,1.000005534,0.002074247
4,bike,18.04346904,2.577638434,-0.150516274,308.0563516,0.037948731,1.259286467,-1.943405646
5,bike,22.86036778,1.524024519,0.115124843,316.8713568,-0.010421531,-12.34455306,0.913108701
6,bike,78.02153188,3.250897162,-0.041198127,131.703061,0.023527795,1.352077462,-0.18782007
7,bike,52.02926859,2.262142113,0.523468958,164.1529201,-0.024933626,-3.15560423,0.175486132
8,bike,1144.154252,14.30192815,-0.050004451,91.57402278,0.001652082,0.880576808,-0.00206852
9,bike,216.333014,10.3015721,0.082162079,162.0201675,-0.002758781,0.715095176,-0.049819218
10,bike,577.2948358,12.02697575,0.024227668,177.0371661,-0.001946428,-0.331108403,9.86E-05
11,bike,197.8485569,13.18990379,-0.069200874,161.1439628,0.012008994,-0.326377308,0.128600395
12,bike,109.3670161,12.15189068,0.110934039,156.2483032,-0.011347655,1.602628623,-0.083273914
13,bike,105.2023762,13.15029702,0.008805148,170.6719608,0.004830413,0.853163395,-0.139592196
14,bike,423.0636226,13.22073821,0.047448448,177.497268,-0.003115097,-0.26357417,0.018620262
15,bike,456.911745,14.73908855,-0.052234654,169.0628945,-0.005111743,0.332274211,-0.006441125
16,bike,511.6727566,13.11981427,-0.210698693,179.3633951,0.006706458,0.132599324,0.024327702
17,bike,53.9282179,4.902565263,0.050853165,184.5347687,-0.006947935,1.081379719,-0.068005601
18,bike,125.6248518,5.461950078,-0.025574121,196.4299456,0.001057074,0.333318108,-0.093880258
19,bike,48.73745299,4.873745299,-0.001261408,204.0962621,-0.004566234,-1.825927831,0.149870472
20,bike,111.806018,4.861131217,-0.046923747,185.8369838,0.003138744,-0.327223106,0.013841047
21,bike,192.8761372,3.781885042,0.025267365,178.3108524,-0.00308485,-0.008879015,0.002974069
22,bike,76.05781009,5.070520673,-0.132060003,177.8580226,0.046307221,0.142798493,-0.029518973
23,bike,18.53772377,3.089620628,0.562548313,180,-0.090971583,-0.299986098,0.047564004
24,bike,226.2718677,6.464910507,0.016718813,178.2000834,-0.022439473,-0.014602075,0.009700426
25,bike,35.25034484,7.050068969,-0.76866273,177.6890108,0.167019571,0.324912827,-0.065589823
26,bike,118.6499467,3.206755317,0.066435125,179.3135749,-0.004131873,-0.003036288,-0.017514164
27,bike,305.9021672,5.664854948,-0.086444164,179.2012323,0.004104627,-0.651060374,0.000381072
28,bike,84.733958,0.996870094,0.135205693,144.0439721,-0.004142806,-0.630482481,0.011980297
29,bike,699.4038251,12.48935402,-0.216932837,90.45296117,0.005054917,0.387842788,0.00923668
30,bike,24.56028991,0.341115138,0.066142517,112.1721573,-0.001543929,0.905096878,-0.009491082
31,bike,61.24051647,5.103376373,-0.045020364,177.3391325,-0.002581634,0.221738958,-0.018478247
32,bike,59.32071605,4.563132004,-0.075999966,180,-0.005681551,0,0.01122371
33,bike,50.05185416,3.57513244,-0.149860123,180,0.009064925,0.145908234,0.079799516
34,bike,79.76289849,1.477090713,-0.022951177,182.0427153,0.000436188,1.263101462,-0.023427347
35,bike,8195.406224,0.237727163,0.000602963,250.2501942,-8.82E-07,-0.0019753,-2.18E-06
36,bike,567.6553043,21.02427053,-0.029792697,182.1537041,0.001270059,-0.077002401,-0.000481026
37,bike,1091.872856,20.2198677,0.004498901,180.0746393,0.002557575,-0.089990095,0.012259419
38,bike,102.3140418,20.46280837,0.142607944,175.2151741,-0.066024664,0.57201852,-0.232472907
39,bike,254.1101771,21.17584809,-0.187515377,178.0752667,0.008409592,-0.590346016,0.008763406
40,bike,227.1079628,18.92566357,-0.086600275,170.9911145,0.00287016,-0.485185147,0.084265866
41,bike,983.7553149,17.88646027,-0.052158359,165.1688928,0.01402577,0.52600525,0.100526366
42,bike,105.1242538,15.01775054,0.719259004,194.0991815,-0.100200061,6.054955386,-0.855220261
43,bike,1523.994831,20.05256357,0.01785858,236.4838692,-0.000207198,0.068413558,-0.003654202
44,bike,2098.161931,21.40981562,0.002111513,241.6832996,0.000294949,-0.209305787,-0.016791698
45,bike,194.5506951,21.6167439,0.031016552,221.1713325,-0.025011066,-1.85489218,0.049413491
46,bike,175.167143,21.89589287,-0.194083043,204.4773029,0.009620195,-1.410170764,0.329549543
47,bike,386.5213421,20.34322853,-0.117121483,193.1959368,0.016258884,1.226225579,0.078001474
48,bike,126.8254425,18.11792035,0.191797321,216.4942228,-0.033274584,2.708253588,-0.344972702
49,bike,1264.932604,19.4605016,-0.041124769,235.4519979,-0.002165787,0.293444676,-0.009250838
50,bike,1007.243497,16.78739162,-0.181900916,254.5259018,0.011234796,-0.307859767,-0.020047655
51,bike,152.7067524,5.873336631,0.492186836,236.0543158,-0.025724594,-1.510719048,-0.008017858
52,bike,261.382721,18.67019436,-0.176652618,196.7756206,0.055380778,-1.719183344,0.120515178
53,bike,145.7735193,16.1970577,0.598678277,172.7070537,-0.065689346,-0.031970858,0.021500957
54,bike,1791.568462,21.58516219,0.007474166,172.419316,-7.82E-05,0.161537758,0.013583848
55,bike,266.4662154,22.20551795,0.0009843,185.82695,0.012635241,1.28899716,0.008194092
56,bike,266.6079547,22.21732956,0.15260719,201.2949159,-0.018076924,1.387326268,-0.223649335
57,bike,312.6320059,24.04861584,-0.064315894,217.9428311,0.007703511,-1.296465758,0.110993912
58,bike,3226.53878,23.21250921,0.035829744,201.0887762,0.001230103,0.146455094,0.013915945
59,bike,281.9284364,28.19284364,0.206814123,221.4460342,-0.060042032,2.080771509,-0.094887332
60,bike,302.6098487,30.26098487,-0.393606198,242.2537493,0.040475751,1.131898185,-0.140579252
61,bike,1526.845528,26.32492289,0.011151309,253.5727312,0.000934924,-0.27389433,-0.007312289
62,bike,485.4905783,26.9716988,0.065376875,237.6868601,-0.003838401,-0.698007084,0.031447957
63,bike,591.1181333,28.14848254,-0.003714342,225.1227325,0.000673883,-0.131943862,0.007347453
64,bike,4519.347497,28.07048135,0.010437195,222.3519114,5.22E-06,0.022352645,-0.002216928
65,bike,1309.038267,29.7508697,0.011277453,225.9506873,-0.003992282,-0.33457271,-0.005438292
66,bike,635.1886306,30.24707765,-0.164382944,211.2294881,0.015110231,-0.573857541,0.030196132
67,bike,616.2858241,26.79503583,0.152931913,199.1784797,-0.006548612,0.060261222,-0.005530831
68,bike,8093.429443,30.31246982,0.002313841,200.5644878,-0.000132366,-0.066947896,-0.000138312
69,bike,1855.815929,30.93026548,-0.033027786,182.6893997,0.000923198,-0.103877163,0.006395827
70,bike,2518.528053,28.94859832,0.022364083,176.4567699,-0.00125928,0.279872452,0.005652457
71,bike,586.9911968,30.89427351,-0.08719327,200.8056733,0.005968295,0.771636184,-0.040160128
72,bike,1900.44409,29.23760139,0.026204338,215.4667608,-0.000122074,0.008593759,-0.002790078
73,bike,3279.733635,30.94088335,0.018269514,216.0253551,-0.00140563,-0.172761311,-0.005290867
74,bike,624.6715843,32.87745181,-0.13072728,197.7126561,-0.011377603,-0.73359317,0.024655224
75,bike,759.8408372,30.39363349,-0.346901745,183.7743859,-0.009342723,-0.26514392,0.008675347
76,bike,803.680325,21.72108986,-0.580469814,177.1457879,0.01607058,-0.048260237,0.001281055
77,bike,35.33748011,0.243706759,0.014141661,175.3601591,0.006048876,-0.000861197,-4.88E-05
78,bike,68.82742942,2.294247647,0.891228677,175.2352855,-0.029308431,-0.007944344,0.005955387
79,bike,6183.625996,29.03110796,0.011975761,174.9969552,-4.70E-05,0.170717275,-0.000822846
80,bike,38403.64524,31.5819451,0.00196366,211.3597348,2.98E-06,-0.004548964,-5.93E-05
81,bike,3295.066299,33.96975566,0.00558596,205.8281943,-0.000720944,-0.076706577,0.003368119
82,bike,1863.626064,34.51159377,-0.064345594,198.3876563,-0.01227236,0.250001013,-0.002462231
83,bike,1148.366473,31.0369317,-0.727053039,211.887711,0.088368785,0.117040545,0.003804945
84,bike,41.35969252,4.135969252,2.542592004,216.2182112,-0.249587124,0.257823526,-0.033190876
85,bike,5557.635187,29.56188929,0.046720766,218.7964464,-0.001327305,-0.074085235,-0.000343503
86,bike,1648.851913,38.34539333,-0.202812526,204.8684223,0.004622087,-0.138663804,0.003818345
87,bike,12116.40197,29.62445471,-0.004062786,198.9058787,0.000212589,0.025525034,0.000703329
88,bike,1314.250433,27.96277517,0.082886049,209.3456174,-0.001691561,0.313186647,-0.008142829
89,bike,5256.639214,31.85841948,0.003382683,224.0653898,-0.000669937,-0.069526297,-0.000551355
90,bike,1458.745298,32.41656219,-0.107156935,212.5935508,0.007097349,-0.160499805,0.009107776
91,bike,551.8900021,27.5945001,0.212223758,205.3710596,-0.010432456,0.249350103,-0.016986493
92,bike,7163.769432,31.83897525,0.003574646,210.3580617,-0.000257085,-0.090379758,-1.52E-05
93,bike,1534.233713,32.6432705,-0.054269513,190.022616,0.000216078,-0.093800853,0.006548387
94,bike,3099.538149,30.09260339,-0.044113864,185.613976,0.000783162,0.213973351,-0.001266582
95,bike,4164.466692,25.54887541,0.036551785,207.6532311,-0.000333309,0.083515374,-0.000333213
96,bike,5671.226939,31.50681633,-0.017777563,221.266237,7.57E-05,0.029201616,0.000863656
97,bike,4670.63106,28.30685491,-0.004149535,226.5225279,9.83E-06,0.184659633,0.000156081
98,bike,856.2876301,27.62218162,-0.002527649,256.9913674,0.000306947,0.210412915,-0.009001823
99,bike,11237.88039,27.54382449,0.006987698,263.5141677,-0.000280239,-0.068643608,5.32E-05
100,bike,851.0545497,30.39480535,-0.107349652,235.5075758,0.003183275,-0.046949451,0.000851882
101,bike,9942.212474,27.38901508,-0.018217945,234.1929911,-0.000810514,-0.02309676,0.000949194
102,bike,997.2432503,20.77590105,-0.312434372,225.8088672,0.003677731,0.321460774,-0.002290156
103,bike,92.46481922,5.779051201,-0.135903296,241.2389843,0.018439984,0.211533274,-0.079220645
104,bike,43.25518162,3.604598469,0.159136444,244.6235167,-0.033557274,-1.055997047,0.863032372
105,bike,33.08541477,5.514235794,-0.243550843,231.9515521,-0.03361628,9.300391414,-2.144892488
106,bike,36.47637662,4.052930736,-0.445248521,287.7539006,0.049918673,-3.568963512,0.386369261
107,bike,29.88390511,0.045694045,0.004019535,255.633229,-6.01E-05,-0.091640165,0.004008504
108,bike,48.14046288,2.67447016,-0.03526572,195.700561,0.010031108,2.52992119,-0.252292235
109,bike,34.67468241,2.039687201,0.145294216,241.2391424,0.013788436,-2.011339048,0.039879723
110,bike,54.11626656,4.50968888,0.379697624,207.0463786,-0.05904305,-1.333383752,0.83290089
111,bike,45.33030183,9.066060367,-0.328818979,191.0457735,-0.022367481,8.661426925,-8.326792009
112,bike,44.53179282,7.42196547,-0.440656385,234.3529082,0.07968224,-32.97253312,6.246237163
113,bike,133.7847604,4.778027158,0.037437052,36.51770946,0.071734675,4.504889858,0.039176119
114,bike,58.26264626,5.826264626,2.046007952,162.6546255,-0.204550814,5.6018212,-0.554898461
115,bike,9594.515614,26.28634415,0.000499813,218.6728375,6.12E-05,0.052836586,0.00094889
116,bike,873.4696087,26.46877602,0.022849138,237.9581915,0.006881141,0.399181342,-0.008801101
117,bike,980.0207125,27.22279757,0.249926807,251.1311758,-0.009844137,0.108745004,-0.014987357
118,bike,3187.374311,36.22016263,-0.104462136,255.0459959,0.001261345,-0.430799852,0.00477223
119,bike,9108.265696,27.02749465,0.006536227,217.135609,4.72E-05,-0.010843613,0.000264594
120,bike,6664.486342,29.23020326,0.022433798,213.4813113,-6.59E-05,0.07832465,0.001447441
121,bike,1373.804369,34.34510923,0.007410673,231.3393316,-0.00253597,0.408341274,-0.007472732
122,bike,2390.265993,34.64153613,-0.094028128,247.6729826,0.003413826,0.109432002,5.08E-05
123,bike,1801.830099,28.15359529,0.141525844,255.2237907,-0.00236288,0.112937999,-0.00394968
124,bike,5321.208649,37.21124929,-0.009698503,262.4518227,0.000515486,-0.139841492,-0.005129007
125,bike,573.189814,35.82436338,0.064015973,242.4544893,-0.042893537,-0.873289517,-0.019497253
126,bike,626.426522,36.84861894,-0.622280623,228.481857,0.03668485,-1.185245572,0.06912497
127,bike,50700.8073,26.26984834,0.001361826,208.3326823,-3.49E-05,-0.010121079,2.03E-05
128,bike,1069.232354,28.89817174,-0.065942612,188.7990002,0.001834305,0.029012157,-0.003868987
129,bike,3016.245642,26.4582951,0.001926691,189.87245,4.12E-05,-0.114140361,0.001194609
130,bike,1227.185144,26.6779379,0.006621226,176.8604489,0.000853635,0.022045115,-0.0017009
131,bike,5045.730173,26.98251429,0.045888421,177.8745242,-0.002089474,-0.056196299,-0.00084762
132,bike,889.0912232,35.56364893,-0.34484324,167.3658162,0.016740742,-0.214701294,0.017729524
133,bike,1670.439211,26.94256792,0.073675301,161.9982839,-0.003117338,0.228536809,0.004802371
134,bike,787.7609153,31.51043661,-0.119599663,176.167566,0.00310627,0.526283826,-0.017380467
135,bike,1254.899582,28.52044504,-0.041942903,189.3246617,0.007659382,0.091772159,-0.016427427
136,bike,373.4494022,26.6749573,0.295069886,193.3626367,-0.022774359,-0.631034643,0.040574625
137,bike,5822.321847,30.8059357,-0.023771145,184.5281517,0.001850613,-0.062989895,0.002325316
138,bike,684.1429235,26.31318937,0.325994696,172.6230616,-0.06738385,0.376494841,-0.13351879
139,bike,139.1562059,34.78905146,-1.425985406,182.4119274,0.356099106,-3.094993687,0.764466963
140,bike,14309.87404,29.08510984,-0.001588983,170.0319527,-4.76E-05,-0.037125833,0.001907974
141,bike,877.4032315,28.30333005,-0.025019633,151.7660428,0.000775238,0.901597469,-0.028346676
142,bike,31436.65786,27.52772142,-0.000987254,179.7155643,5.91E-05,0.022850505,-0.000245311
143,bike,1768.818583,26.40027736,0.066524495,205.8108413,-0.000901494,-0.257294723,0.003841617
144,bike,9257.225566,30.85741855,0.006124369,188.5720949,-0.000300605,9.36E-05,-0.000373088
145,bike,1863.599562,32.69472916,-0.08405706,188.6001771,0.001495288,-0.111832939,0.001996936
146,bike,32702.87474,27.90347674,0.001174356,182.2256996,-1.83E-06,0.001992435,-1.77E-06
147,bike,28577.1066,29.27982234,-0.000967996,184.5608333,-1.40E-05,-7.82E-05,-3.00E-05
148,bike,6063.7025,28.33505841,-0.014618125,184.4845061,6.44E-05,-0.029330283,-0.00032526
149,bike,1663.647451,25.20677956,-0.000826938,178.2078256,0.001359626,-0.098935968,0.003803036
150,bike,2188.241543,25.15220164,0.088908384,171.6780517,0.000656767,0.152064438,0.000390289
151,bike,1216.827548,32.88723103,0.146047085,184.9076579,-0.010066662,0.186019579,-0.014314745
152,bike,1914.548658,38.29097316,-0.226419421,191.7903823,0.00516716,-0.343626002,0.004941264
153,bike,1726.080136,26.97000213,0.031938567,174.6090822,0.000265212,-0.096562807,0.005261737
154,bike,1305.63317,29.01407044,0.048912135,168.4290626,-0.00167685,0.240188371,-0.001294031
155,bike,2684.50002,31.21511651,-0.026546126,179.2375393,0.000876276,0.181956973,-0.000921384
156,bike,5873.226378,28.93214964,0.048813576,194.8858389,-0.000772345,0.102717929,-0.000819923
157,bike,4311.38491,38.8413055,-0.107972514,215.7375785,0.000421728,-0.063726405,0.002277495
158,bike,1960.514021,26.85635645,-0.061160655,208.6639475,0.002180139,0.189075494,-0.001487296
159,bike,1253.931205,22.39162866,0.097989477,222.4664586,0.001039106,0.08050287,-0.005360552
160,bike,1700.621403,27.87903939,0.156179388,226.9746193,-0.003473515,-0.219688045,-6.70E-05
161,bike,1196.991425,37.40598204,-0.055705017,213.5736486,0.00264224,-0.223774608,0.006139356
162,bike,3704.835837,35.62342151,0.028846666,206.4128611,-0.001014548,-0.027315227,-0.003629287
163,bike,1197.327719,38.62347479,-0.076666361,203.5720775,0.001089654,-0.404761112,0.012135818
164,bike,21965.57146,36.2468176,-0.042887083,191.0244831,-0.000404648,-0.028550749,-0.000611368
165,bike,123.0869454,10.25724545,-0.288103934,173.7227293,0.061313392,-0.399039926,0.026874721
166,bike,747.9998072,6.799998247,0.447656767,168.9342502,-0.140726074,-0.076543273,-0.024207952
167,bike,112.0844853,56.04224263,-15.03221137,160.5144902,7.567566517,-2.739418039,1.382665346
168,bike,2286.048149,25.97781988,0.102921661,155.0356541,-0.002249899,0.025912652,0.003844053
169,bike,1121.117635,35.03492608,-0.095069458,157.3159675,0.003984796,0.364189351,-4.91E-05
170,bike,1055.759213,31.99270341,0.032444026,168.9700268,0.00825124,0.362619392,-0.005108498
171,bike,1190.280826,33.06335628,0.304734944,180.9364667,-0.011083556,0.194038947,-0.009190428
172,bike,3258.502256,44.03381427,-0.094273075,187.9218688,0.001659061,-0.136816466,-0.002810829
173,bike,1519.361874,37.05760669,0.028497436,177.7974503,-0.002986143,-0.344817814,0.006429969
174,bike,1261.458051,38.22600155,-0.093934437,163.6599199,0.00193749,-0.081189092,0.008722808
175,bike,4109.761321,35.12616514,-0.029997282,160.9806799,-0.000346036,0.206663585,-0.001666982
176,bike,9137.163621,31.61648312,-0.070483468,185.1603193,-0.001791151,0.0116267,0.006187846
177,bike,202.4416979,11.246761,-0.588126218,188.5204357,0.032807124,1.799914244,-0.114247725
178,bike,137.3817285,0.660489079,0.002402015,220.9188921,-0.000283566,-0.256544807,0.022233196
179,bike,20.88194936,1.160108298,-0.056579704,167.5575723,0.005309808,4.367959919,-0.28050142
180,bike,22.95112608,0.141673618,0.038996833,246.1808509,-0.015669133,-0.681065645,-0.342429049
181,bike,12.9183212,6.4591606,-2.499402738,135.8482164,1.209581926,-56.15457164,36.94331181
182,bike,26.28639223,1.460355124,-0.080238886,23.53907315,0.005896791,17.73205198,-0.991469852
183,bike,25.23872785,0.01605517,0.02590336,342.7160088,-0.011311333,-0.114405355,-0.04963401
184,bike,81.4722738,40.7361369,-17.75551154,162.87079,8.401500541,-78.1390693,71.01156147
185,bike,26.12556914,5.225113829,-0.952510455,6.59265138,0.198766793,63.88405363,-13.75778547
186,bike,13.41428505,0.462561553,0.041323509,326.0129196,-0.000993932,-4.904873696,0.12781789
187,bike,250.8024391,1.660943306,0.012499489,183.7715824,-0.000445199,-1.198154874,0.007980974
188,bike,120.6444489,3.548366143,-0.054725562,2.850196428,0.000988066,0.006972209,0.007664862
189,bike,55.69400171,1.687697022,-0.02113133,3.087251534,0.000171917,0.267577524,-0.012778345
190,bike,43.57597785,0.990363133,-0.015458075,11.91730982,0.000338063,-0.154107858,0.007692478
191,bike,16.75122219,0.310207818,-0.000583311,5.136564082,2.36E-05,0.184361187,0.094040957
192,bike,17.27996113,0.27870905,0.000691421,15.0920682,0.000553378,5.26257286,-0.121722864
193,bike,23.47513118,0.32157714,0.035000829,341.3715855,0.000362521,-2.284244736,0.045118021
194,bike,512.0415002,2.876637641,0.061464837,174.6217198,0.320376077,1.009370785,-0.099807341
195,bike,165.8085432,13.8173786,57.08840648,354.2897195,-5.815833168,-16.7563359,1.398097581
196,bike,34943.91282,698.8782564,-12.70159154,153.2136887,0.220371498,0.020835071,0.109789538
197,bike,1403.570951,63.79867959,-1.683016612,154.2554422,0.07690661,5.510311949,-0.253406534
198,bike,25728.19388,26.77231413,0.008928801,275.4823051,-5.55E-06,-0.064631789,7.22E-05
199,bike,18312.79814,35.35289216,0.003591026,213.3711561,-2.74E-05,0.004797383,-0.000227413
200,bike,11126.70007,37.21304372,-0.010623087,215.8562005,-0.000377922,-0.113002634,0.002647999
201,bike,1463.579854,34.03674078,-0.123621679,182.068413,0.002391718,0.678749108,-0.014236906
202,bike,21167.38333,28.72100859,-0.020777819,211.2546246,-0.000295492,0.066562153,-0.000115054
203,bike,308.3783797,13.40775564,-0.238555662,260.3109313,0.03470809,-0.018232521,-0.044744261
204,bike,253.4712135,7.92097542,0.559730414,259.8915834,-0.014391641,-1.047350518,0.025866344
205,bike,3358.205328,25.83234868,0.099197906,226.3763668,-0.000781727,-0.219627498,0.001567947
206,bike,34545.44425,38.72807652,-0.002426572,197.824792,5.99E-06,-0.01579442,1.70E-05
207,bike,47167.01077,36.56357424,0.00291699,183.7361696,1.44E-05,-0.000665136,5.57E-05
208,bike,3831.016692,40.3264915,0.021434309,182.8781445,-0.001245567,0.071195036,0.005583749
209,bike,720.1667638,42.36275081,-0.096894595,189.6416729,-0.014445742,0.601651176,-0.063545097
210,bike,1302.897366,40.7155427,-0.342472214,199.8697429,0.010587142,-0.478615467,0.014931498
211,bike,23329.04258,29.75643186,-0.003683677,184.554048,0.000113723,-0.000807524,-0.00070927
212,bike,1343.421463,26.86842927,0.085475471,183.9209489,-0.002297083,-0.556875302,0.012327374
213,bike,6539.862589,31.1422028,-0.02937866,156.0771838,0.000187428,0.059493408,-0.000271263
214,bike,10138.90977,24.97268416,0.009981317,168.5707994,2.78E-05,0.002528184,-4.22E-05
215,bike,1741.505924,29.02509873,0.021254442,169.5972422,-0.000137872,-0.014622287,0.000421979
216,bike,6120.673783,30.30036526,0.012982098,168.719905,-6.64E-05,0.010696446,-3.26E-05
217,bike,137847.5501,32.92274902,-0.000440156,170.880587,0.000412152,0.004103626,-0.000368628
218,bike,155.3990881,31.07981762,1.725241791,188.0624695,-0.334834207,-1.539340307,0.274188318
219,bike,1707.359143,39.70602658,0.051070758,180.3657679,-0.005630357,-0.168398717,0.009042974
220,bike,2849.340704,41.90206917,-0.191034609,173.1246231,0.004026426,0.220449154,-0.006943692
221,bike,1445.585788,28.91171576,0.082762366,188.1151655,-0.001625843,-0.251721884,0.005009122
222,bike,22110.339,33.04983408,0.00147022,175.5290713,0.000106561,-0.001265764,0.000546177
223,bike,1701.670565,34.0334113,0.072759463,174.6822752,-0.010956757,0.364126864,-0.001654452
224,bike,791.0990731,37.67138443,-0.475078394,192.8886184,0.029576464,0.281404289,-0.020678384
225,bike,969.3158354,27.69473815,0.14602735,198.7981085,-0.001278258,-0.152841776,0.00624169
226,bike,1705.896161,32.80569541,0.10128832,193.4486463,-0.003300704,0.065617389,-0.0110833
227,bike,1104.107954,38.07268805,-0.070348308,196.8607505,0.002761352,-0.510714199,0.011497127
228,bike,1441.303485,36.03258713,0.009730903,182.0500388,-0.002528282,-0.177297517,0.006406959
229,bike,5354.00802,36.42182327,-0.091400389,174.9581381,0.002570774,0.078980837,-0.003847039
230,bike,1011.382509,22.98596611,0.28650334,186.5683211,-0.00675754,-0.48653391,0.011671486
231,bike,10357.3049,35.59211305,-0.010828416,165.160829,-0.000133183,0.027011473,0.001543343
232,bike,875.9081897,32.44104406,-0.04958481,173.0211675,-0.009442887,0.476124402,-0.012346265
233,bike,901.9653715,31.10225419,-0.304542769,185.8765264,0.014987325,0.142775259,-0.016616211
234,bike,1313.960319,22.27051388,0.130089651,190.0170089,1.18E-05,-0.339094866,0.004118055
235,bike,658.8076724,29.94580329,0.130785166,170.0104118,-0.003814201,-0.096129621,0.011393805
236,bike,1575.507693,32.82307694,0.046872751,167.8955601,-0.001156252,0.154534079,-0.002765729
237,bike,8803.315213,35.07296898,-0.008627341,175.3131959,-6.51E-05,0.021779101,-0.001445534
238,bike,1842.820363,32.90750648,-0.024956751,180.7797502,-0.007283514,-0.341049939,-0.001800966
239,bike,693.2184256,31.50992843,-0.432833537,161.6809536,0.001089079,-0.441904048,0.057050974
240,bike,703.6028998,21.98759062,-0.408873796,151.9590646,0.009251599,0.813217381,-0.129020812
241,bike,89.03629152,8.903629152,-0.112822618,177.9820208,-0.042290081,-3.315448615,0.506583997
242,bike,54.42782083,7.775402976,-0.53572343,144.8275346,-0.018874566,1.750391354,-0.344888099
243,bike,24.15203381,4.025338969,-0.667845392,157.0802741,0.111315173,-0.663825337,0.102800885
244,bike,20.78740787,0.018266615,4.56E-05,153.0973221,5.95E-05,-0.047020029,0.000174622
245,bike,22.25785648,0.070214058,0.067766952,99.58852876,0.000240506,0.15169933,-2.28E-05
246,bike,1724.187029,21.55233787,0.144007407,147.6772164,-0.001313237,0.144457661,-0.001187202
247,bike,3538.803555,33.07293042,0.038948455,159.2338293,-0.000265283,0.049481469,-0.002605806
248,bike,1340.654943,37.24041507,0.01056316,164.5283465,0.0005148,-0.229339746,0.013024008
249,bike,2144.379262,37.62068881,0.029095948,156.2721156,0.000126422,0.239524558,-0.001383439
250,bike,1139.095578,39.27915785,0.036302019,169.9250154,-0.000593908,0.160668543,-0.01372416
251,bike,1895.600071,40.3319164,0.01907869,174.5844032,-0.000614573,-0.237332109,0.003155275
252,bike,7792.208199,41.22861481,-0.009806229,163.4297941,-0.001045798,-0.089034168,-0.004219318
253,bike,590.6285643,39.37523762,-0.207461962,146.6023363,0.013427322,-0.886485358,0.07723265
254,bike,1994.48195,36.26330819,-0.006052134,133.3050559,0.001494513,0.272004394,-0.014004434
255,bike,1185.704548,35.93044084,0.076146087,148.2652976,-0.012637524,-0.49823947,0.037761552
256,bike,1806.8333,38.4432617,-0.340892216,131.8233951,0.006662712,0.747891749,-0.011632051
257,bike,829.5891183,22.42132752,-0.027744763,166.9743073,0.006338461,0.201185361,-0.021500698
258,bike,791.6065384,21.39477131,0.2067783,174.4181657,0.011456464,-0.594340448,-0.033191624
259,bike,261.4101156,29.0455684,0.630667449,152.4275691,-0.070778775,-1.82243055,0.245413061
260,bike,1736.078772,34.72157544,-0.006341523,136.0256942,-0.002697858,0.386286998,-0.004310959
261,bike,516.0674891,34.40449927,-0.141234421,155.3400441,0.005013253,0.170739054,-0.015518633
262,bike,4229.463768,32.28598296,-0.066035626,157.9011299,0.001348488,-0.062040435,0.001673825
263,bike,1418.11896,23.635316,0.110616267,149.7738329,-0.00457456,0.157230671,0.007614282
264,bike,908.1687611,30.27229204,-0.163857312,159.2076731,0.012685459,0.614087613,0.055416347
265,bike,228.209154,25.35657266,0.21670646,177.6303016,0.035399511,2.276578014,-0.05315223
266,bike,273.069308,27.3069308,0.535302059,198.1195037,-0.052951579,1.798207942,-0.227233038
267,bike,1110.438347,32.6599514,0.005786272,216.1015831,-0.004818907,-0.474122438,0.019999599
268,bike,2398.53798,32.85668465,-0.158056566,199.9814202,-0.007074676,0.205863944,-0.0016528
269,bike,660.8752154,21.31855534,-0.674507893,215.0094881,0.031514379,0.085209577,-0.010187083
270,bike,25.75507049,0.408810643,0.30243786,217.650985,-0.004562516,-0.230589993,0.003231816
271,bike,11151.95282,19.46239584,0.014999332,203.1238155,0.000280895,-0.026985557,0.001607804
272,bike,448.9122047,28.05701279,0.175952158,187.6610915,-0.010515786,0.894286077,-0.042944358
273,bike,555.7004518,30.87224732,0.007699576,201.9696687,0.002681975,0.207176347,-0.018437109
274,bike,1674.585344,31.0108397,0.05597513,205.698843,-0.001497656,-0.124691614,0.003655517
275,bike,3471.416664,34.03349671,-0.024898305,198.9654959,-0.001349207,0.072706315,-0.003313437
276,bike,1574.693478,31.49386955,-0.162517444,206.38154,0.003820065,-0.26526426,0.006182153
277,bike,5655.055356,23.36799734,0.028485793,193.118327,-0.000238056,0.043843389,0.001063973
278,bike,1089.416129,30.26155914,-0.029123704,203.7284271,0.002780559,0.301324891,-0.007985869
279,bike,1197.737337,29.21310579,0.070976414,214.5761232,0.00081528,0.013833592,-0.008827044
280,bike,1509.787522,32.12313876,0.104402895,215.1433005,-0.0024791,-0.348075212,0.005823634
281,bike,1259.022544,37.03007483,-0.012114819,198.7837655,0.000560979,-0.074364397,-0.001071978
282,bike,4064.61698,36.618171,0.006958473,196.255376,-0.001818642,-0.110811639,0.004292271
283,bike,1533.01302,37.39056146,-0.194910823,183.9552841,0.00599848,0.365630414,-0.006954383
284,bike,617.3835722,29.39921772,0.051026846,198.9461311,0.000295075,0.080500695,-0.014251968
285,bike,2468.133301,30.47078149,0.057223425,200.6366457,-0.000768489,-0.218790636,0.000341615
286,bike,2422.305643,35.10587888,-0.005024217,182.9146041,0.000785102,-0.191119789,0.006746917
287,bike,1390.368317,34.75920791,0.049147811,169.7273387,-0.009003195,0.274417473,0.015581984
288,bike,771.227527,36.72512033,-0.310979973,180.7040376,0.014843308,0.897696819,-0.043837934
289,bike,26842.94685,30.19454089,0.000729487,199.5556708,-5.85E-07,-0.022899804,-9.67E-05
290,bike,1357.094393,30.84305439,0.000209016,179.1977447,1.41E-05,-0.108882172,0.002237925
291,bike,108538.2194,30.85225111,0.000828364,174.4069291,2.64E-06,-0.010413487,-0.000147453
292,bike,1451.956681,33.76643444,0.010127613,137.7722816,0.000884515,-0.529154297,0.006894778
293,bike,1744.298012,34.2019218,0.048161746,115.0186468,-0.006796776,-0.232678835,0.011170908
294,bike,586.5307339,36.65817087,-0.29847382,103.1520262,0.01654108,0.337037484,-0.003274194
295,bike,4112.854078,31.88258975,-0.033816537,108.544626,-0.000958206,0.284650373,0.004894511
296,bike,275.2025646,27.52025646,-0.157425149,145.264524,-0.020057023,0.916042235,-0.332066859
297,bike,207.5680398,25.94600497,-0.357995378,154.4249464,-0.007364194,-2.404626353,-0.28220032
298,bike,138.4922517,23.08204195,-0.416908926,135.1879356,0.431920648,-4.662228916,0.560083701
299,bike,144.0641188,20.58058839,2.174614964,107.2145621,-0.309393298,-1.301726709,0.172560906
300,bike,8879.117499,35.80289314,0.008861878,98.1024751,-2.94E-05,-0.093800368,-0.001752515
301,bike,950.0159742,38.00063897,0.001568754,74.83998391,-0.000643432,-0.528424006,0.007041142
302,bike,912.9565877,38.03985782,-0.014517043,61.62938376,-7.70E-05,-0.35239546,0.016820593
303,bike,25856.33387,37.6914488,-0.01636458,53.17189273,0.000107424,0.05129876,0.001381046
304,bike,714.5643579,26.46534659,0.057328306,88.36284218,-0.001932813,0.998696176,-0.042708717
305,bike,1624.76623,28.01321086,0.00514236,115.3276389,-0.000267828,-0.154439176,0.003337364
306,bike,12060.68526,28.31146775,-0.010391657,106.3701668,0.000239155,0.039127929,0.000269578
307,bike,955.3848788,23.88462197,0.091488197,123.0386647,-0.002201071,0.153968114,-0.003186635
308,bike,10466.77695,27.54414987,0.003445373,129.1973893,4.85E-06,0.026502707,-0.001479657
309,bike,1125.28227,28.85339153,0.005288574,139.2684179,-0.000192813,-0.53576677,0.014798061
310,bike,7875.164044,29.05964592,-0.002231127,118.3735138,-0.000155294,0.041357623,-0.000933362
311,bike,1821.120669,28.45501045,-0.044315693,129.5814295,2.52E-05,-0.211583469,0.002645134
312,bike,14167.19979,25.61880613,-0.042703412,116.0400875,2.56E-05,-0.0422949,0.000328867
313,bike,80.1527803,2.003819508,-0.028521901,92.65100806,0.000261874,0.139568579,-0.006110125
314,bike,25.8883043,0.862943477,-0.018046934,98.23375124,0.004412288,-0.104836437,0.000147492
315,bike,20.89980411,0.321535448,0.114321694,95.08865811,-0.002101342,-0.100411685,0.001249447
316,bike,2224.951867,7.752445531,-0.022265529,88.56189862,0.001114181,-0.019197598,0.000650637
317,bike,61.30074703,1.362238823,0.297504456,83.05218802,-0.007104748,0.167535208,-0.003806904
318,bike,3362.986169,14.74993934,-0.022209215,90.59127238,0.000571654,-0.003775457,0.000420705
319,bike,794.2715409,9.686238303,0.108127914,89.73046828,-2.08E-05,0.092145263,0.001434631
320,bike,1168.821819,18.55272728,0.106419988,97.2863798,-0.004589228,0.209784988,-0.000534231
321,bike,1111.316206,25.25718649,-0.18270136,110.502834,0.005060813,0.176128444,-0.005490531
322,bike,1170.846212,17.21832664,0.039974391,118.2524856,0.000314111,-0.065454926,-0.000760131
323,bike,2512.009742,19.93658526,0.06133394,113.8015506,-0.000418154,-0.117143858,0.002138223
324,bike,1438.562407,27.66466168,0.008646545,99.0414245,-9.30E-05,0.152272265,-0.001705307
325,bike,12117.25556,28.11428205,0.003808676,106.9595823,-8.84E-05,0.063596292,0.000297473
326,bike,1190.232859,29.75582148,-0.034274407,134.3695842,0.001663628,0.191806957,-0.001635483
327,bike,3462.951115,28.3848452,0.032270712,142.0418625,-0.001308656,0.126387647,-0.001106038
328,bike,1551.44986,32.32187208,-0.127385305,157.4611554,0.002972904,-0.008548945,-0.001310394
329,bike,8202.909142,26.20737745,0.015314079,157.050806,-0.000173531,-0.071447843,-0.002523069
330,bike,1426.031472,31.00068417,-0.039001218,134.6876312,0.00089982,-0.861168522,0.018682067
331,bike,47840.45691,29.20662815,0.002390491,95.07387918,2.08E-05,-0.001793433,0.000167246
332,bike,794.9340567,33.12225236,0.036383402,92.13623567,-0.009187889,0.272155573,-0.012087143
333,bike,1155.845437,33.99545402,-0.184125942,98.66796943,0.000826851,-0.017935869,0.007865566
334,bike,2246.548933,27.73517201,-0.156012994,98.05814987,0.00864749,0.249493362,0.036789736
335,bike,105.6868363,15.09811948,0.544433734,118.2671122,-0.080904583,3.229461949,-0.323284423
336,bike,434.9105791,18.90915561,-0.021898345,140.8733458,0.052830258,0.966470985,0.08396797
337,bike,110.432962,18.40549367,1.193197595,163.1021785,-0.189515612,2.897734291,-0.501508528
338,bike,2070.739018,25.56467924,0.056103926,180.4885842,-0.000926877,-0.111316877,-0.001752314
339,bike,963.4911108,30.10909721,-0.018973122,171.4719172,-0.000298597,-0.25325431,0.008855142
340,bike,21831.44841,29.5019573,-0.028528215,163.3677793,0.000136772,0.030110233,-5.23E-05
341,bike,931.4096872,8.391078263,0.0726833,185.6493514,-0.000749018,-0.008607643,-0.001133043
342,bike,1415.467511,16.45892455,-0.010457671,184.693903,0.000289643,-0.134375418,0.000294375
343,bike,700.1804172,15.55956483,0.014451627,173.1376171,-0.003441684,-0.109059133,0.004287477
344,bike,1475.099811,16.20988803,-0.14042415,168.2299561,0.008121362,0.083877311,-0.003589323
345,bike,44.60677552,3.431290425,0.598619788,175.8627914,-0.053847141,-0.242751118,-0.160856713
346,bike,291.5470393,11.21334767,-0.101393051,172.7070269,0.005015446,-2.333888389,0.076127955
347,bike,583.2447275,8.577128346,0.029008557,112.0259287,-0.000820636,-0.354561558,0.006270544
348,bike,305.9415962,10.54971021,-0.026794669,87.91574281,-0.004108081,0.071835413,0.037223462
349,bike,400.6792578,9.772664824,-0.145929017,89.99896978,0.021296332,1.151315815,0.051405215
350,bike,37.89575138,3.789575138,0.727220597,137.2029182,-0.073909193,3.25892964,-0.324183848
351,bike,608.3979608,11.06178111,-0.011871329,169.7922146,-0.001474767,0.017091157,-0.030609785
352,bike,249.8125919,10.408858,-0.092983538,170.7322282,0.004242899,-1.666447027,0.077742491
353,bike,3041.93815,8.177253092,0.008846035,130.7374996,-0.000135642,0.199372752,-0.000979812
354,bike,1238.54162,11.46797796,-0.041612783,204.9041633,-0.001279889,-0.16511721,-0.008918023
355,bike,104.6069608,6.973797385,-0.179840801,187.0715046,0.008928782,-1.128263732,0.071044818
356,bike,47.03803914,4.276185376,-0.045909064,170.1475486,0.031154073,-0.062591463,0.039858516
357,bike,26.39829973,3.771185676,0.296785745,169.4590425,-0.087481548,0.375852216,0.887238989
358,bike,46.78948711,5.848685888,-0.31558509,172.090008,0.105389415,6.586525136,-0.380595764
359,bike,36.56405683,3.324005167,0.527530232,224.7822091,-0.050033756,3.541759026,-0.342649891
360,bike,1478.547711,9.126837722,-0.022841086,263.7415584,0.000750015,-0.227389771,-0.013404696
361,bike,70.5455623,5.426581715,0.098661364,226.9044154,-0.013178809,-2.398950595,0.180109258
362,bike,207.9845629,6.70917945,-0.072663154,195.7180577,-0.001111303,-0.057530241,-0.000331542
363,bike,40.10959499,4.456621665,-0.10711355,193.9346202,0.032025899,-0.067808044,1.921190749
364,bike,20.95559831,3.492599719,0.181119545,193.3243479,-0.03825997,17.22290869,-2.910831773
365,bike,380.0833101,4.579316989,-0.048440273,296.6618,0.001835381,-0.242081942,0.003284921
366,bike,16.20445557,0.55877433,0.10389633,276.5689988,-0.007396578,0.030566534,0.03069031
367,bike,71.43535786,3.571767893,-0.11060442,277.4554283,0.012096165,0.920585517,-0.070040402
368,bike,33.99198743,1.359679497,0.131318888,295.8671386,-0.0036795,-0.480222528,-0.046786191
369,bike,46.42651695,4.642651695,0.039331378,283.8615754,-0.002269185,-1.649877299,0.345771151
370,bike,40.28772382,5.035965478,0.016639532,267.3628025,0.016781562,1.807834216,-0.945246961
371,bike,36.18357212,5.169081732,0.150892027,281.8254762,-0.049860741,-5.754141474,1.460742679
372,bike,31.12662961,6.225325922,-0.198133157,241.5464859,0.012066189,4.471057276,-1.067780785
373,bike,157.0398042,5.234660139,-0.137802212,263.9017722,0.004331045,-0.867846649,-0.031415584
374,bike,20.91128179,1.100593779,-0.007870863,237.8663728,-0.001208279,-1.810314166,0.240850222
375,bike,16.16780555,0.951047385,-0.030828165,203.4704036,0.00145242,2.765840056,-0.200963268
376,bike,22.20236586,0.426968574,-0.006137017,250.4896846,0.000114513,-0.650535501,0.019348527
377,bike,16.17655318,0.107843688,-0.000182354,216.6618385,4.43E-06,0.355587909,-0.006823207
378,bike,9.658874265,0.080490619,0.000482139,270.0000248,1.06E-05,-0.667893199,0.00435832
379,bike,18.81523857,0.138347342,0.001749687,189.8528409,-4.85E-05,-0.144894837,-0.011925517
380,bike,18.8152395,0.37630479,-0.004843359,170.1471431,0.000115515,-1.766765175,0.063527392
381,bike,26.0225484,0.134136847,0.000932373,81.80888431,-5.81E-06,1.409604405,-0.007197017
382,bike,39.0621322,0.315017195,-0.00019487,355.272139,-2.13E-07,0.01338315,-0.001099617
383,bike,150.3711389,0.290853267,-0.000221282,356.9316496,0.000337918,-0.122969373,-0.001203732
384,bike,28.05560137,0.176450323,0.174482163,293.3564839,-0.020218785,-0.745298588,0.004254095
385,bike,251.2720279,27.91911421,-3.040304686,174.8540084,0.359494871,-0.068897404,0.149061139
386,bike,80.11757358,0.556372039,0.19514915,174.2339318,-0.021165689,1.272652848,-0.14101441
387,bike,257.9206468,28.65784964,-2.85271009,357.4959418,0.291991814,-19.03342217,1.876847179
388,bike,14.91729414,2.983458829,-0.224783762,186.1951423,0.014583325,-2.141797558,-0.036258255
389,bike,20.45494019,1.859540017,-0.151867138,175.4861545,0.014582959,-2.323088834,0.254409497
390,bike,12.85210209,0.189001501,0.008545414,149.9321773,0.000190617,0.475415638,0.03845951
391,bike,40.81475153,0.770089651,0.021507358,182.2604407,-0.002330321,3.090662329,-0.505930406
392,bike,13.36985739,1.909979628,-0.101999636,346.0655442,0.010796919,-23.72364917,4.19644874
393,bike,37.07544753,1.195982178,-0.026421201,180,0.002392037,5.651492013,-0.21924405
394,bike,57.66951558,0.376924938,0.047731955,355.1962524,-0.006521162,-1.145073545,-0.160583086
395,bike,53.75939891,7.679914129,-0.950005798,180,0.128844475,-25.71428571,5.749590736
396,bike,18.53772376,1.029873542,-0.048094471,0,0.003314424,14.53284944,-0.813524944
397,bike,240.8418879,0.164173066,0.011565165,261.5912899,0.000262982,-0.110599554,-6.70E-05
398,bike,34.26053969,17.13026985,0.397359162,99.34174427,-1.111511974,-0.208822198,-3.368425564
399,bike,35.84997634,17.92498817,-1.825664787,98.92409988,-0.192819411,-6.945673327,11.97609331
400,bike,85.64195157,14.2736586,-2.211303609,85.03275322,0.382784251,17.00651329,-1.730996565
401,bike,13.0758802,1.005836939,0.085401896,187.071833,-0.015642798,6.620533896,-0.844215241
402,bike,33.85698541,2.116061588,-0.117954477,273.1387736,0.007776207,-4.354264242,0.13463022
403,bike,12.1258676,0.228789955,0.006464836,203.4705457,0.000476451,-2.200180714,0.060339141
404,bike,135.4280202,0.571426245,0.031716721,86.86096788,-0.010786028,0.997793775,-0.670303905
405,bike,16.17657809,8.088289043,-2.524571987,323.3380926,1.170468101,-157.8642317,84.14708549
406,bike,48.62632109,3.039145068,-0.183635785,7.609629126,0.011462767,10.42993926,-0.61804628
407,bike,33.52287169,0.100972505,-0.000231519,174.4886573,9.29E-07,0.541198777,-0.002029355
408,bike,31.67816925,0.024108196,7.68E-05,354.1666514,-8.64E-07,-0.132546919,0.001569624
409,bike,11.12263426,0.124973419,-0.001058235,180,2.20E-05,1.929939371,-0.032360455
410,bike,11.23852686,0.030790485,0.000896016,351.764604,2.33E-05,-0.950141134,0.010375289
411,bike,18.60749012,0.357836348,0.00941515,4.9630903,0.001732296,2.836839254,0.044348956
412,bike,31.3546931,0.847424138,0.099494546,152.4787315,-0.02240169,5.14298495,-0.218087442
413,bike,27.17233411,4.528722351,-0.72936797,342.7691747,0.121538108,-2.926250403,0.117512968
414,bike,11.28607524,0.15251453,-0.000139323,325.2116723,0.001254475,-2.221172594,0.032382336
415,bike,9.8121213,0.142204657,0.092691811,160.8449003,-0.020069269,0.175120242,0.629492562
416,bike,26.15175849,6.537939623,-1.292087741,172.928197,0.317219182,43.610107,-12.22483115
417,bike,58.89231224,1.369588657,-0.023211012,347.368625,0.000374478,-5.289217607,0.150880109
418,bike,11.14545445,0.371515148,-0.007108453,119.9322679,0.000259535,1.198627075,-0.03989791
419,bike,5867.072567,0.15826156,0.000677602,155.8910802,2.08E-05,0.001689783,3.66E-05
420,bike,227.5048302,25.27831447,0.772862351,218.5347328,-0.161919618,1.358090111,0.200244847
421,bike,128.9363025,32.23407563,-0.684414209,230.7575437,0.2254541,3.160293734,-0.835241503
422,bike,235.9713504,29.49641879,0.217402192,243.3987187,-0.031926439,-0.180672278,0.068079987
423,bike,812.1265446,31.23563633,-0.038009318,241.9533405,-0.020955966,0.363967616,-0.204796084
424,bike,151.2369703,30.24739406,-0.582864427,251.4164985,0.113854705,-4.960730567,0.983178192
425,bike,14541.19426,27.33307193,-0.0135909,226.6128456,0.000394175,-0.044839607,-0.000587621
426,bike,683.4922436,20.10271305,0.196110383,202.7581745,-0.002104975,-0.357454013,0.004035427
427,bike,963.7367789,26.77046608,0.124541233,190.6047381,-0.004109719,-0.220249502,0.015209573
428,bike,1968.998879,31.25395046,-0.023408645,182.675756,1.85E-05,0.32729513,-0.007768942
429,bike,1578.297909,29.77920584,-0.022244128,203.2953492,-0.004322513,-0.162148221,-0.008294367
430,bike,743.606944,28.60026708,-0.251337325,194.7014935,0.008442251,-0.601749669,0.034965803
431,bike,1566.65026,22.06549663,-0.031838803,179.0560021,0.000601573,0.307361202,-0.009349954
432,bike,1109.07673,19.80494161,0.01087287,200.8786474,0.001433518,-0.356485567,0.009510407
433,bike,1918.899298,20.41382232,0.091149863,180.9154556,0.000907244,0.176097242,0.010752883
434,bike,666.5839168,28.98190943,0.176430834,197.4685964,-0.008401781,1.186868245,-0.053485346
435,bike,5187.251521,33.0398186,-0.016810122,224.766566,-6.17E-06,-0.043294724,0.001837911
436,bike,3435.271133,30.40062949,-0.01777832,217.9692944,2.27E-06,0.245257287,-0.003698515
437,bike,3861.268391,28.39167934,-0.017521321,245.6833679,0.000338005,-0.172674927,-0.003507083
438,bike,858.2897286,26.00877965,0.028447404,222.1995777,-0.002737821,-0.649638193,0.015976482
439,bike,4634.977564,26.94754398,-0.061900683,200.7615174,0.000937678,-0.122414302,0.001271663
440,bike,945.4363356,16.30062648,0.099380007,179.7062574,-0.00113531,0.096311815,-0.00084348
441,bike,3574.476037,22.06466689,0.033532028,185.2923427,-0.001226113,0.047389951,-0.005203169
442,bike,604.9308207,27.49685549,-0.165098283,192.9695148,0.023330269,-0.79552335,0.026147569
443,bike,286.376319,23.86469325,0.348167628,175.4680011,-0.028084203,-0.220276841,0.014324441
444,bike,6253.523168,28.04270479,0.01115719,172.824679,-0.000863463,-0.048383548,-0.000104904
445,bike,1373.884114,30.53075808,-0.181395127,162.0351477,-0.073836818,-0.07177724,0.103927222
446,bike,89.47190941,22.36797735,-3.504051946,158.8051719,1.049192029,4.604947761,-0.977797124
447,bike,33.40707828,8.35176957,0.692716172,177.2249629,-0.720580568,0.693759263,-1.305774722
448,bike,44.49053703,11.12263426,-2.189606099,180,0.608036821,-4.529339625,2.244890795
449,bike,78.01892544,2.364209862,0.242541187,161.8826415,-0.161588527,4.450223554,-2.486967748
450,bike,20.73613805,10.36806902,-5.089880196,308.7400188,2.684281181,-77.61971212,39.00620363
451,bike,14.49976469,0.188308632,0.278682166,153.5005946,-0.003586974,0.392695147,-0.005227094
452,bike,65092.034,21.64683538,0.002485144,183.7381209,2.98E-06,-0.009791105,-8.90E-06
453,bike,29905.89373,29.11966283,0.011449779,154.2962686,-2.09E-05,-0.036546604,-1.11E-05
454,bike,7603.41692,40.87858559,-0.009969765,116.762906,0.000242589,-0.047895133,0.000514097
455,bike,5697.534549,39.02420924,0.03515182,107.8544112,-0.004336417,0.047726873,0.007523016
456,bike,309.0946249,44.15637499,-0.597965004,114.8225347,0.073072635,1.146087155,-0.242663219
457,bike,1838.648518,39.97061996,-0.086456558,122.8451447,0.001855318,-0.552555381,0.012291105
458,bike,18644.69426,35.99361827,-0.001111926,97.42759721,-1.47E-05,0.012835443,-1.94E-05
459,bike,13210.77996,35.41764066,-0.008730318,104.0763565,2.65E-05,0.002792503,-0.000171123
460,bike,18492.70843,32.16123205,0.001164744,105.11796,-6.72E-05,-0.061036217,0.000735417
461,bike,1313.2384,32.83095999,-0.037480234,70.02213536,0.003253422,0.36182881,-0.003849621
462,bike,908.6207682,31.33175063,0.092656632,84.49528777,-0.004467559,0.207843962,-0.004852319
463,bike,26432.60213,34.01879296,-0.036902583,90.52276267,0.000204963,0.0671267,0.000256711
464,bike,710.9496423,5.345486033,0.122353558,142.6802087,-0.001133763,0.266590829,-0.004526887
465,bike,5274.916254,21.61850924,-0.028436907,178.1367889,2.22E-05,-0.335485134,0.00320249
466,bike,1981.787033,14.67990395,-0.023015211,96.27841611,-0.002222861,0.445922502,-0.00928225
467,bike,335.6126641,11.57285049,-0.323101507,156.4779539,0.011135349,-0.807181206,0.027721616
468,bike,19394.39125,2.202906776,-0.000176395,133.069699,-5.35E-09,-0.003254339,2.19E-05
469,bike,163.7811936,0.649925372,-0.000223476,104.4184973,-8.84E-06,0.189245741,6.91E-05
470,bike,31.46129631,0.593609364,-0.002450071,152.1084241,9.07E-05,0.206666431,-0.002499033
471,bike,162.7782225,0.46375562,0.002356131,163.061745,-7.57E-05,0.074217679,-0.003028487
472,bike,20.65212039,1.290757525,-0.024224217,189.1121505,5.55E-05,-0.988781286,0.088010343
473,bike,27.99827156,0.90317005,-0.023335812,173.2916499,0.000770136,0.419384198,-0.032071217
474,bike,14.92006938,0.179759872,0.000538404,186.29256,5.51E-06,-0.574823516,0.007373809
475,bike,180.455743,0.224447441,0.000995367,138.5822082,-1.16E-06,0.037202626,0.001368867
476,bike,24.59334757,1.024722815,6.18E-05,168.4931196,-3.48E-05,1.137771384,-0.048573559
477,bike,204.2150401,1.026206231,-0.000772616,195.7996329,5.44E-07,-0.027994021,-0.002222972
478,bike,82.88328926,0.872455676,-0.000664288,190.2288227,-6.50E-05,-0.470365475,0.006377719
479,bike,20.23370877,0.809348351,-0.006839322,145.5441026,0.000319113,0.135517793,0.002309744
480,bike,88.73277595,0.638365295,0.001138508,148.9320474,5.43E-06,0.193261393,-0.000310046
481,bike,22.30530156,0.796617913,0.001893849,175.7953811,-6.36E-05,0.150164962,0.001460344
482,bike,20.39149613,0.849645672,0.000113671,180,-0.000202795,0.191054589,-0.009661219
483,bike,20.45697046,0.852373769,-0.004753401,184.5853101,0.000230279,-0.040814673,0.000206628
484,bike,234.0386101,0.738292145,0.000773292,183.605758,-2.77E-06,-0.035855613,-4.43E-05
485,bike,230.1215913,0.983425604,-0.000104663,172.2395286,3.05E-06,-0.049902618,-0.00043925
486,bike,39.31631338,0.958934473,0.000608941,160.5623161,-6.49E-05,-0.152687022,-0.008968252
487,bike,22.62972386,0.983901038,-0.00205019,154.3021482,-0.000374602,-0.520385358,0.073365171
488,bike,18.73493358,0.936746679,-0.010666036,142.333285,0.0005353,1.167013566,-0.060112947
489,bike,145.4086172,0.723425956,4.00E-05,165.6735563,4.63E-06,-0.035245381,4.64E-05
490,bike,35.84141014,0.73145735,0.000971373,158.5892347,-0.000205999,-0.025914323,0.013459164
491,bike,38.17367767,0.779054646,-0.00912256,157.3194329,0.000205843,0.633584714,-0.014854407
492,bike,157.3913167,0.332049191,0.000963767,188.3650839,2.57E-06,-0.094281246,0.000418189
493,bike,27.61060935,0.788874553,0.002183466,143.6757731,5.35E-05,0.103940477,0.001850561
494,bike,24.22828392,0.865295854,0.004056663,147.3136898,-0.000213108,0.168710126,0.000998724
495,bike,247.6572547,0.97888243,-0.001910368,152.0375733,7.64E-06,0.196674402,-0.000591159
496,bike,277.5132031,0.495559291,2.32E-05,201.796197,3.66E-06,0.047111079,-0.000723377
497,bike,41.70063681,0.508544351,0.002073167,228.1784013,-1.63E-05,-0.357979781,0.003060169
498,bike,172.3501872,0.678544044,0.000733247,198.8240593,-5.67E-06,-0.107045919,-0.0025239
499,bike,44.96901219,0.864788696,-0.000705769,171.634396,1.29E-05,-0.748116421,0.013284353
500,bike,264.9883845,0.828088702,-3.68E-05,132.7323421,3.61E-06,-0.057330081,0.001789889
501,bike,26.93821786,0.816309632,0.001118076,114.386716,3.96E-05,0.515434305,-0.017607163
502,bike,19.62374119,0.853206139,0.002426443,131.3960481,-0.000109669,-0.065602059,0.002830876
503,bike,722.6663865,0.909014323,-9.59E-05,129.8872007,-2.08E-05,-0.000491917,0.000171386
504,bike,23.31691505,0.832746966,-0.016668841,129.4961266,0.000593745,0.13575988,-0.007544643
505,bike,400.0592279,0.366019422,-4.40E-05,133.2974032,-9.71E-07,-0.075490119,9.66E-05
506,bike,52.77996,0.317951566,-0.001104748,50.78670295,1.84E-05,0.030112584,-0.000341329
507,bike,19.78082791,0.134563455,0.001957537,55.78539183,6.27E-05,-0.026548081,0.000427045
508,bike,27.02856595,0.422321343,0.011177102,51.88282396,-0.000590043,0.036227601,0.102213669
509,bike,44.36857887,1.137655868,-0.026585624,54.20139043,0.000699164,6.577902402,-0.168453815
510,bike,485.7340579,0.100816533,0.000681762,310.7395841,-1.77E-05,0.008203608,-0.000469797
511,bike,67.71091047,3.385545524,-0.084559817,350.2645658,0.004261873,-2.255278646,0.111635562
512,bike,354.1189789,1.694349181,0.00067764,305.1589929,8.08E-06,-0.0225674,0.000479369
513,bike,512.2372974,1.835975977,0.002366218,300.4424063,-8.10E-05,0.077620662,0.002028776
514,bike,39.93841481,2.496150925,-0.02023886,322.098571,0.000754641,0.643649079,-0.773895242
515,bike,56.48055838,2.172329169,-0.008164601,332.3969562,0.00029626,-11.73867479,0.527504596
516,bike,329.2883218,1.960049534,-0.000461842,27.19141175,-1.85E-05,1.976444714,-0.013341904
517,bike,244.7198168,1.88246013,-0.003571693,359.2341238,-7.50E-05,-0.264995113,0.006321364
518,bike,34.03536091,1.418140038,-0.013318009,324.784759,-0.000140191,0.556782259,-0.033413349
519,bike,21.97015642,1.098507821,-0.016682587,338.1475332,0.000938558,-0.245138105,0.016140109
520,bike,29.06453125,0.764856086,0.002088575,333.2447711,0.000139516,0.077664069,-0.005961819
521,bike,20.26132655,0.844221939,0.00739019,336.1960058,-0.000446395,-0.148885034,-0.059294122
522,bike,192.0582635,1.021586508,-0.003323297,332.6227649,8.34E-05,-1.571943951,0.02725116
523,bike,32.53814968,0.396806703,0.012364915,37.0973022,-0.000129664,3.551274047,-0.042344325
524,bike,196.091431,1.410729719,0.001732505,328.3017741,-1.17E-05,0.079039436,0.000172073
525,bike,69.36501103,1.651547882,0.000111517,339.2882557,-0.000236618,0.102957546,0.004265567
526,bike,23.18724242,1.656231602,-0.009826448,343.6124726,-1.48E-06,0.282111361,-0.016826263
527,bike,30.37322658,1.518661329,-0.009847165,347.5620317,0.000424823,0.046543685,-0.005197703
528,bike,688.6150913,1.321718025,-0.001350696,348.4929054,3.15E-07,-0.057410382,0.000392653
529,bike,160.6813872,0.618005335,-0.001186823,318.5820966,2.28E-05,0.147161696,-0.014433776
530,bike,29.70540729,0.309431326,0.004728483,356.8441375,-1.77E-05,-3.605619967,0.040037535
531,bike,132.0622628,0.763365681,0.003026049,10.70462058,-0.000189474,0.237983407,0.078632012
532,bike,27.02431362,1.286872077,-0.029752888,51.87575007,0.001433347,13.84132153,-0.684418161
533,bike,419.7469479,0.662061432,0.000347396,342.5435022,0.000434452,-0.53145985,0.000699507
534,bike,16.76390057,0.882310556,0.275789724,5.597957069,-0.013000145,-0.087972288,0.009159898
535,bike,1910.162379,6.122315318,0.02878697,3.926483606,-0.001104549,0.086065778,-0.000655957
536,bike,166.1423482,15.10384983,-0.315832258,30.7790062,0.025634242,-0.118592843,0.520792668
537,bike,604.7441399,11.629695,-0.033855593,29.47448493,0.000848888,5.610126503,-0.108026883
538,bike,2319.262975,9.86920415,0.010286601,321.2010631,-0.000406717,-0.007271407,-0.000785337
539,bike,626.6143278,12.28655545,-0.085291912,319.4922823,0.002521161,-0.19182563,0.003958259
540,bike,269.84671,7.936667943,0.043287283,309.7091752,-0.000404521,0.010045564,0.008220635
541,bike,1204.279753,9.408435574,0.029533556,310.0507244,-9.31E-05,0.289547168,-0.001684215
542,bike,2242.084226,13.18873074,0.017614366,347.112762,-5.08E-05,0.073967705,-0.054191223
543,bike,598.7773971,16.18317289,0.008982445,359.6872717,-0.008926784,-9.138540191,0.218801458
544,bike,231.2173272,16.51552337,-0.32130856,21.56128468,0.028266242,-1.042886233,0.576935492
545,bike,552.7913626,12.01720354,0.074418823,6.960877419,-0.002930595,7.034210652,-0.194836056
546,bike,2331.510882,15.44046942,-0.060388564,330.5345674,0.005386504,-1.928247942,-0.007531263
547,bike,69.53975805,6.321796186,0.752973499,39.36912808,-0.087882642,-3.065468652,0.273236303
548,bike,730.2252338,14.60450468,-0.213735563,5.648972912,0.027745931,-0.059869323,0.581129052
549,bike,35.25953856,3.917726507,1.173561002,2.655506769,-0.130338112,28.99658328,-3.215910536
550,bike,984.6247356,14.47977552,0.000517993,263.6247563,0.008446253,0.053388459,0.033581664
551,bike,116.1199923,14.51499903,0.574863181,267.2551715,-0.052825956,2.336941629,-0.174010713
552,bike,458.7337075,19.11390448,0.152255532,285.9507045,-0.00738276,0.944855923,-0.059475979
553,bike,1229.474011,22.76803724,-0.024930715,308.6272467,0.000504847,-0.482567576,0.005408
554,bike,749.7622528,21.42177865,0.002331029,282.5685976,-0.000850014,-0.190535596,0.007541882
555,bike,4752.243595,21.50336468,-0.027419449,275.8998517,-0.000428698,0.073430277,-0.007419012
556,bike,447.8663258,15.44366641,-0.122161804,292.1279431,-0.026360449,-1.566171298,0.027208871
557,bike,154.7126632,11.90097409,-0.88661482,246.7089754,0.068200722,-0.77711405,0.059366329
558,bike,2138.519088,0.374981429,-5.43E-06,236.6064928,7.64E-08,-0.005351778,-1.19E-05
559,bike,464.4006994,0.344000518,0.000430323,206.0853025,3.65E-07,-0.073029584,-5.83E-05
560,bike,92.49371013,0.924937101,0.000923673,107.4953645,-1.68E-05,-0.151746928,0.003393705
561,bike,45.77869938,1.017304431,-0.000755392,92.32067172,3.85E-05,0.187623528,-0.006427764
562,bike,317.6097031,0.983311774,0.000976796,100.7637305,-4.95E-05,-0.101625857,0.015797781
563,bike,24.67751828,1.298816752,-0.015015771,67.93857853,0.001653735,5.001057435,-0.374067197
564,bike,44.59475226,1.013517097,0.016405195,162.9586698,-0.001076881,-2.106219312,0.057506466
565,bike,32.97156828,1.735345699,-0.030977588,70.28502005,0.002889354,0.424065204,0.253633266
566,bike,18.34834443,1.146771527,0.023920136,78.34225893,-0.0036785,5.243097262,-0.416386747
567,bike,21.41291182,1.529493702,-0.034935864,162.2318151,0.005703795,-1.419090693,-0.185213458
568,bike,18.72704888,1.040391604,0.044917261,142.3645454,0.000431275,-4.012079111,0.208573269
569,bike,114.6319423,1.848902295,0.052680204,70.14712144,0.001568836,-0.257760267,0.207515386
570,bike,66.49597452,5.115074963,0.149948043,54.16598488,-0.099358224,12.60819366,-1.070886019
571,bike,21.19319857,7.064399525,-1.14170887,218.0725024,0.298176801,-1.313324593,-0.083108811
572,bike,29.11418332,3.639272916,-0.247178465,214.1325287,0.023065266,-1.562651026,0.551418374
573,bike,39.88428464,1.661845193,-0.062656339,201.6313205,0.002902891,2.848695966,-0.273509686
574,bike,9.801769162,0.158093051,0.007013055,270.0000236,-0.000105942,-3.715536491,0.063726317
575,bike,240.7184007,0.592902465,0.000444676,39.63676116,1.53E-05,0.23549517,-0.001022236
576,bike,20.88290596,0.773440961,0.006665203,135.2478001,-0.00061599,-0.179532738,0.046085114
577,bike,17.16122606,0.953401448,-0.009966519,130.4004162,0.000250123,1.064765338,-0.021834013
578,bike,19.35010256,0.774004103,-0.0054643,149.5661923,0.000164888,0.6717531,-0.018526793
579,bike,263.2448018,0.637396615,-0.001342111,166.3600198,2.67E-05,0.208583274,-0.001225678
580,bike,61.6636592,0.083104662,0.009672879,252.5049119,-0.002907717,-0.297621852,0.026605263
581,bike,21.78114342,7.260381139,-2.14785309,31.66949787,0.721388741,19.44348364,-6.519016363
582,bike,21.23736857,0.816821868,0.016313132,89.9999488,-0.002207575,-0.113565446,-0.105004584
583,bike,35.98793603,1.240963311,-0.041083829,87.0472472,0.001452021,-2.843684617,0.097866874
584,bike,40.91366015,0.049532276,0.001024767,4.580393299,-2.96E-06,-0.00554527,6.71E-06
585,bike,53.75939891,0.895989982,-0.001416076,0,0.000224748,0,0
586,bike,12.97640664,0.811025415,0.012068831,0,-0.001222488,0,0.872060814
587,bike,24.09904088,1.004126703,-0.007490971,0,0.000298204,13.95297303,-0.583628498
588,bike,126.948885,0.824343409,-0.000334084,334.8713526,6.74E-05,-0.05411093,-0.001886291
589,bike,17.7765739,0.772894517,0.010038766,326.5382695,-0.000112791,-0.344599722,0.017828496
590,bike,32.12115653,1.003786141,0.007444569,318.6124759,-0.001520012,0.065455697,-0.280554526
591,bike,33.53433382,1.242012364,-0.041195823,320.7070582,0.001545105,-8.912289129,0.330146216
592,bike,4780.89046,0.129725144,0.000522004,80.07525168,-5.93E-06,0.001658695,-8.39E-05
593,bike,135.5735762,19.36765374,-0.217887176,141.2047799,-0.120516456,-3.090486291,0.498304723
594,bike,71.36977404,17.84244351,-1.061502369,119.5713759,0.26528747,0.39764677,-0.066590746
595,bike,6893.392056,13.59643403,-0.000352491,121.161963,-1.61E-05,0.131283784,-0.000265556
596,bike,389.1139169,13.41772127,-0.008538326,187.7228416,0.000214408,-0.003353107,-0.005293006
597,bike,948.2479065,13.17010981,-0.00232049,187.6256015,0.00033359,-0.156850277,-0.002877298
598,bike,1456.339864,13.0030345,0.021697977,176.3323815,0.000711054,-0.364015714,0.014249908
599,bike,277.7977418,15.43320788,0.101336049,135.5626216,-0.071274992,1.231973978,-0.166426431
600,bike,224.3443378,17.25725676,-1.181613804,157.7381532,0.091153554,-1.76370178,0.141311802
601,bike,1746.471394,1.896277301,0.003382394,134.8100301,0.001224868,0.073351641,-0.014610807
602,bike,30.06877165,5.011461942,1.131486253,202.3668915,-0.186822841,-13.3832016,2.193010919
603,bike,3846.923703,11.80037946,0.010549209,122.0676819,-0.003932121,-0.225136085,0.057486588
604,bike,106.6759519,15.2394217,-1.271322306,48.6733182,0.199648264,18.51549162,-2.549783889
605,bike,272.6271192,6.340165562,0.126215543,178.2817595,-0.003334139,0.667004392,-0.018059206
606,bike,1341.487465,11.76743391,-0.017152429,206.9629484,-0.007658006,-0.109541459,-0.00547118
607,bike,78.49645625,9.812057032,-0.890165125,194.475222,0.110769378,-0.733255956,0.087229881
608,bike,1638.658241,2.690736028,-0.004010098,188.6091743,5.21E-06,-0.035416904,0.00026563
609,bike,43.75119244,0.248586321,-0.000834377,167.0402796,4.97E-06,0.126351659,-0.000783135
610,bike,202.8613639,0.10173589,4.05E-05,189.2781715,3.83E-08,-0.011480054,-5.34E-06
611,bike,97.27507951,0.18250484,0.000116818,166.3869446,-3.95E-07,-0.022131062,4.41E-05
612,bike,160.0786886,0.244768637,-9.39E-05,154.5910885,2.86E-07,0.001395797,0.000221218
613,bike,185.3790469,0.183362064,9.32E-05,155.5039398,1.87E-06,0.146072412,-0.000356288
614,bike,50.80539558,0.277625112,0.001983451,303.1831482,-1.45E-05,-0.214134735,0.00186551
615,bike,159.5085575,0.640596617,-0.00066396,263.9964918,8.75E-06,0.127253602,-9.94E-05
616,bike,59.88410716,0.475270692,0.001515609,295.6826386,-1.34E-05,0.102514041,-0.002364699
617,bike,148.5709488,0.666237439,-0.000172966,308.5994078,-3.51E-05,-0.19543803,0.007681598
618,bike,21.34064844,0.627666131,-0.008009673,265.0167271,0.000273564,1.517558299,-0.043933075
619,bike,71.42278546,0.355337241,0.0012915,316.6137093,-1.02E-05,0.023833744,-0.000954368
620,bike,49.80922973,0.614928762,-0.000754262,321.4042918,3.30E-05,-0.167994299,0.008988631
621,bike,39.32218058,0.553833529,0.001922044,307.7967536,3.72E-05,0.560084799,-0.150651188
622,bike,22.77985447,0.69029862,0.004563435,347.5627743,-0.000324394,-10.13614956,0.327133631
623,bike,36.15835491,0.840891975,-0.006141579,13.06983874,0.006382304,0.659260254,0.198323307
624,bike,17.30412236,0.576804079,0.268297496,41.41802964,-0.010874892,9.187162434,-0.390109886
625,bike,1086.841851,8.625728973,-0.057949253,317.0329027,0.000580606,-2.516134148,0.033461516
626,bike,18.53772377,1.324123126,0.015207059,0,0.000246871,1.700016824,0.104169176
627,bike,44.57363664,1.537021953,0.018663249,23.80023554,-0.000294107,3.158385286,-0.115544898
628,bike,1136.806132,2.078256183,0.010134134,115.3934088,-1.20E-06,-0.192416747,0.000400232
629,bike,1615.785016,7.621627435,0.009478122,10.141448,0.001250518,0.02651034,0.035060701
630,bike,96.30989259,9.630989259,0.274587891,15.76164008,-0.029838286,7.459378889,-0.845085637
631,bike,891.1345085,12.37686817,-0.023794972,90.35542896,0.001605781,-0.99147748,0.190876151
632,bike,266.5907553,10.66363021,0.091821233,18.96905039,-0.006742348,12.75160537,-0.460434884
633,bike,220.3057376,12.95916104,-0.076737456,337.7591846,0.018224613,1.240733272,-3.018272387
634,bike,81.58236998,11.65462428,0.233080966,358.8516502,-0.130430982,-50.0698973,7.604501287
635,bike,146.1481015,13.28619104,-0.679935911,8.362369076,0.135273596,3.161611704,0.611120376
636,bike,40.64827215,5.806896022,0.80807364,43.14009782,-0.109032893,9.883935838,-1.40995835
637,bike,1180.731385,11.4634115,0.044843388,112.3276487,-0.001513119,0.014227392,0.027562745
638,bike,96.49368289,16.08228048,-0.111007873,113.7930701,0.019817318,2.853190161,-0.562730354
639,bike,863.3090615,15.41623324,0.007896033,130.912211,-0.001834305,-0.523191961,0.041380242
640,bike,285.4513994,15.85841108,-0.094825054,101.6134612,0.008361652,1.794101609,-0.02728812
641,bike,240.5765216,14.1515601,0.055684675,133.9072902,-0.00392391,1.302915445,-0.063324532
642,bike,3095.130913,15.09819958,-0.011021798,156.0568527,0.002203473,0.226398393,-0.035902192
643,bike,64.19365505,12.83873101,0.440690142,202.4685233,-0.157373887,-7.133551014,0.077395149
644,bike,150.4218172,15.04218172,-0.346179292,166.8007683,0.042946921,-6.746575271,0.684767368
645,bike,856.9487714,11.5803888,0.083289923,99.33501557,-0.002062727,0.101098412,0.0429423
646,bike,230.6699599,17.74384307,-0.069351843,106.816298,-0.007951686,3.278828578,-0.119024581
647,bike,286.3185748,16.84226911,-0.172723765,149.4410695,0.001760688,1.731509021,0.414781564
648,bike,83.43579064,13.90596511,-0.142792071,178.8767229,0.135202855,8.782795607,-1.751318876
649,bike,104.3937014,13.04921268,0.668425057,231.5734965,-0.0989916,-1.725117651,0.204820956
650,bike,827.8475909,18.39661313,-0.123507744,217.7725553,0.004522282,-0.086550003,-0.021786747
651,bike,513.5505857,12.83876464,0.079994962,213.8778052,0.002954702,-1.066953596,0.017318746
652,bike,320.7712626,16.03856313,0.198183043,171.1996613,-0.00981817,-0.374203755,0.015566198
653,bike,280.0311359,20.00222399,0.001819652,163.7155863,-0.039512298,-0.062879801,-0.105231533
654,bike,620.858673,20.02769913,-0.551352521,162.835269,0.017675063,-1.536121268,0.052118736
655,bike,2284.029809,2.935770963,-0.00342556,115.2155098,1.73E-05,0.079559546,-0.001030009
656,bike,64.9644943,0.270685393,0.01005479,177.1128364,-0.000865598,-0.721787271,0.00814136
657,bike,24.15451519,2.683835021,-0.197688724,3.883891376,0.021408026,1.232139029,-0.1047596
658,bike,63.32455561,0.904636509,-0.005016488,14.97314263,0.003408857,0.289302626,-0.008109596
659,bike,22.69277634,0.55348235,0.233603479,35.22432647,-0.127270611,-0.278369079,1.694539581
660,bike,20.26244994,10.13122497,-4.984491569,23.81119421,2.49194962,69.19775373,-34.85351918
661,bike,21.41592192,0.162241833,-0.000592329,162.2067017,7.86E-06,-0.50928464,0.001274908
662,bike,21.34980988,0.08405437,0.000445588,94.9811292,9.74E-06,-0.340996801,0.004337062
663,bike,11.24232108,0.197233703,0.002918402,8.36794176,-5.87E-05,0.760617024,-0.004418724
664,bike,116.7100241,0.36358263,-0.000428597,51.72311213,4.28E-05,0.508749742,-0.001568971
665,bike,396.1829755,0.226002838,0.013309443,215.0317793,-8.51E-05,0.00511017,-0.014880192
666,bike,164.9021907,23.55745582,-0.135932334,223.989908,-0.209561256,-26.07986587,5.491378549
667,bike,316.4830128,22.60592948,-1.602861123,41.43084691,0.114635635,12.35978397,-0.838913154
668,bike,20.23659918,0.165873764,0.002037766,214.4678225,0.000382841,0.614999808,-0.01258782
669,bike,27.77023847,0.414481171,0.048744338,289.4977991,0.009749671,-0.920714178,0.191116317
670,bike,22.08211101,3.680351836,0.701972275,227.8099491,-0.073922511,11.88407906,-2.132393748
671,bike,110.4905968,7.892185488,0.258437209,299.1144235,-0.008930107,-0.910283434,-0.118876332
672,bike,92.08245136,11.51030642,0.133415708,286.3704554,-0.053109501,-2.574552076,1.069595714
673,bike,75.46579249,12.57763208,-0.291460303,265.7740388,0.021887217,5.982213632,-2.672965164
674,bike,324.8661079,10.82887026,-0.160137001,301.6673206,0.010790904,-10.05557735,1.583241411
675,bike,48.19808178,6.024760222,0.16359013,0,0.00061052,37.44166499,-4.743246447
676,bike,146.6696252,7.33348126,0.16847429,299.5333199,-0.013904599,-0.504306586,0.023452159
677,bike,824.1284636,10.70296706,-0.10961768,289.4471882,0.002889735,-0.035263405,0.002299287
678,bike,83.70901032,2.262405684,0.112891945,286.731906,0.003623377,0.141781664,-0.249535977
679,bike,128.788153,6.439407649,0.246956879,291.9778276,-0.013563142,-9.091049502,0.439502003
680,bike,1183.368704,11.37854524,-0.024305951,110.1568376,0.000397448,-0.301009434,0.016097983
681,bike,230.1188847,8.850726335,0.017028592,78.85185645,0.002185963,1.373180824,-0.359882219
682,bike,111.5216369,9.293469739,0.073863631,114.5545579,-0.005836192,-7.983756864,0.570393847
683,bike,101.7983331,10.17983331,0.003829323,18.74947549,0.097099777,-1.139030697,0.328462504
684,bike,153.2718982,10.21812655,0.974827096,7.359168521,-0.336400336,2.145594347,0.362580593
685,bike,74.52159897,24.84053299,-4.07117794,39.54308372,1.369982283,7.584303248,-1.798332438
686,bike,151.52399,12.62699917,0.038768908,62.29599346,-0.00548925,2.189305934,-0.097892017
687,bike,222.5678432,13.09222607,-0.027102086,88.56766468,0.00616962,1.014601735,-0.271983931
688,bike,88.42043421,12.6314906,0.077781447,105.8158942,-0.016136873,-3.609125094,0.590571849
689,bike,237.1672931,13.17596073,-0.035176663,80.5520185,-0.004857391,0.524877846,-0.193142044
690,bike,75.25668473,12.54278079,-0.122609698,89.99981974,-0.025000101,-2.951678946,0.786544165
691,bike,188.9139616,11.8071226,-0.272610303,72.28974606,0.091944215,1.767586041,-0.301195081
692,bike,141.4617974,7.445357759,1.198497141,100.5711227,-0.207752909,-3.051535261,-0.071342939
693,bike,181.3008206,30.21680344,-2.748808138,42.59195276,0.380241805,-4.407051104,6.689005884
694,bike,123.5155915,13.72395461,-0.467357309,16.14964614,0.070593421,35.7269842,-5.516089278
695,bike,228.4257319,9.517738831,0.167983479,337.692504,-0.008403566,-13.9178193,0.570926685
696,bike,230.3388196,13.54934233,-0.0337021,3.664840794,-0.161980576,-0.21557887,0.678853517
697,bike,51.90562654,12.97640663,-2.787371885,0,0.696837116,11.32493092,-2.831019995
698,bike,136585.9521,1.826919093,-2.34E-05,45.29972366,2.17E-08,0.000850936,-6.50E-07
699,bike,17.15292042,0.075897878,0.001598207,108.9182757,-5.68E-05,-0.047748212,-0.003165818
700,bike,13.11278058,0.437092686,-0.011249354,98.12717976,0.000397314,-0.763223126,0.030440286
701,bike,21.8150402,0.099612056,0.00067006,75.23048599,3.80E-06,0.149985445,0.001449925
702,bike,23.8964617,0.246355275,0.001502916,108.0772984,0.000126788,0.467519127,-0.017221126
703,bike,14.50911207,0.392138164,0.013801316,153.4266537,-0.00032677,-1.202930052,0.106174794
704,bike,17.15295002,0.902786843,0.001710829,108.9182418,-0.000626682,2.725537333,-0.320651046
705,bike,19.64114458,0.935292599,-0.010196132,160.7034511,0.000363872,-3.366832542,0.19136876
706,bike,12.98112897,0.721173832,-0.002554826,89.99996776,0.000583599,0.651911417,-0.060362243
707,bike,18.23004815,0.675186968,0.007949954,101.7343733,-0.000846314,-0.434608954,0.04888334
708,bike,27.58490776,0.889835734,-0.014900529,89.9999315,0.000595924,0.885241215,0.014379721
709,bike,20.11220847,0.427919329,0.003573108,117.4424092,0.000112076,1.331012571,-0.018939855
710,bike,16.68395139,0.595855407,0.008840703,180,-0.000202314,0.440839368,0.034071413
711,bike,30.36222308,0.843395086,0.00317591,192.3435023,-7.61E-05,1.394838926,-0.054988289
712,bike,20.11228475,0.957727845,0.000437932,242.5577037,-0.000191734,-0.584739485,0.00325578
713,bike,23.20618615,0.966924423,-0.003588483,230.2781745,0.001838707,-0.516368109,-0.044257822
714,bike,21.13921998,0.880800833,0.040540481,217.8853398,-0.006456499,-1.578555827,-0.072913351
715,bike,18.53772377,1.853772377,-0.114415502,180,0.010042045,-3.328476259,0.560535905
716,bike,17.7404338,0.709617352,-0.01399505,146.7152374,0.000446554,2.276882789,-0.108377798
717,bike,16.1883497,0.359741104,-0.002831198,203.6373071,7.69E-05,-0.432562155,0.006003214
718,bike,22.30437195,0.232337208,0.000628654,184.1720101,8.61E-06,-0.162417531,-0.00500719
719,bike,24.58579263,0.292688008,0.001454893,168.5799272,0.000199935,-0.64310774,0.002148335
720,bike,17.84065645,0.414898987,0.018249455,114.558877,-0.00120687,-0.462647604,0.147294782
721,bike,22.7928852,1.199625537,-0.033645967,94.66503002,0.002015275,5.871028003,-0.352207672
722,bike,33.06077773,0.560352165,0.004644263,206.2145621,-0.00010495,-0.820917763,-0.003998155
723,bike,30.03709347,0.834363707,-0.00154779,157.780414,-0.000124892,-1.056808929,0.060582191
724,bike,18.68743863,0.778643276,-0.00604391,119.7352926,0.000932765,1.124149935,-0.026023972
725,bike,17.7405042,0.633589436,0.016342443,146.7148911,-0.001207227,0.499574603,0.054891084
726,bike,19.64120115,1.091177841,-0.017459922,160.70298,0.001161836,2.036524957,-0.094475142
727,bike,27.19147365,0.776899247,0.003453122,197.3604292,-0.000363258,0.335972404,0.003672993
728,bike,23.34172158,0.897758522,-0.00926091,209.1194633,0.000868659,0.464527162,0.010190479
729,bike,19.70924583,0.656974861,0.013324217,221.1971696,-0.000510959,0.729479615,-0.069287322
730,bike,32.75774276,1.056701379,-0.002004559,243.081558,-0.000617724,-1.349140059,0.040006267
731,bike,17.90208078,0.994560043,-0.021153992,201.2582162,0.001994752,-0.10894577,0.039411376
732,bike,19.64122182,0.613788182,0.014751545,199.2971923,-0.001574237,0.600458998,-0.002046126
733,bike,26.06010271,1.085837613,-0.03562403,218.5118803,0.001523028,0.534982976,-0.096100282
734,bike,20.77748123,0.230860903,0.000928647,231.3514717,0.000375301,-1.771423784,0.075694039
735,bike,11.94868712,0.314439135,0.034705765,71.92333112,-0.005166314,5.041039695,-0.170368372
736,bike,16.33258211,1.633258211,-0.16161417,263.4828395,0.016187983,-1.432958459,0.12396853
737,bike,15.62737879,0.017116516,0.000265663,249.153255,8.97E-06,-0.193273154,0.001960732
738,bike,18.69603545,0.259667159,0.008455311,72.69486506,-0.000379585,1.596875075,-0.052127794
739,bike,24.31658829,0.868449582,-0.018874802,187.6698705,0.00127969,-2.156326124,0.096279166
740,bike,12.23838474,0.339955132,0.016956507,127.292739,-0.000372038,0.539490515,0.014213946
741,bike,26.61090311,0.950389397,0.00356313,146.7143975,-0.001069785,1.051192574,-0.149193818
742,bike,24.15361194,1.050157041,-0.026390849,176.1477896,0.001378827,-3.12623433,0.117707835
743,bike,15.06769564,0.443167519,0.005322171,104.2444,0.000229683,-0.418954127,0.095731111
744,bike,16.22715424,0.624121317,0.013131393,89.99995971,-0.001158498,2.835903637,-0.26825763
745,bike,23.17290095,0.965537539,-0.016989549,163.7334543,0.000796995,-4.138794756,0.166776198
746,bike,55.77883619,0.557788362,0.002138321,64.40238012,5.23E-05,-0.136166009,0.02817644
747,bike,14.66078845,0.771620445,0.00736427,50.78577922,-0.000736675,2.681478032,-0.213954425
748,bike,18.2308316,0.91154158,-0.006632556,101.7338618,0.000187309,-1.383656037,-0.027784115
749,bike,20.25115174,0.778890451,-0.002886368,74.06074108,-0.00011399,-1.939338333,0.055703633
750,bike,16.18843249,0.703844891,-0.005850096,23.63794443,0.000266392,-0.491043868,0.036817534
751,bike,22.77170743,0.569292686,0.000276921,12.34393547,5.04E-05,0.355759419,-0.00345254
752,bike,14.5092385,0.58036954,0.002292106,26.57431225,9.50E-05,0.217657803,-0.009569729
753,bike,15.30413241,0.637672184,0.004667437,32.01575731,-0.000310183,-0.021585411,0.095348105
754,bike,21.74102936,0.749690667,-0.002776947,31.49770746,0.000449078,2.266769099,0.327656576
755,bike,14.72150275,0.669159216,0.010246317,97.23401133,-4.00E-05,11.7688098,-1.049546656
756,bike,24.15361111,0.894578189,0.009366818,356.147827,-0.000497081,-11.32121662,0.491227401
757,bike,37.86691495,1.147482271,-0.004054369,50.47497829,-2.94E-05,1.941923205,-0.108103783
758,bike,44.60227566,1.013688083,-0.005025451,114.5584441,0.000101249,-1.625501648,0.063087881
759,bike,38.04327598,0.79256825,-0.000570497,43.03637153,-3.46E-05,1.15036512,-0.015352946
760,bike,103.2998916,0.765184382,-0.002232446,98.25389732,2.17E-05,0.413423697,-0.004987061
761,bike,18.55216751,0.463804188,0.000696373,154.0660964,-5.57E-05,-0.259829541,-0.001914697
762,bike,115.0482336,0.491659118,-0.001530257,143.6729148,1.64E-05,-0.336417438,0.001706138
763,bike,39.40581222,0.133579024,0.002315433,64.95123431,-2.42E-06,0.062818802,0.012272358
764,bike,16.3326366,0.81663183,0.001602571,83.48278081,-7.64E-05,3.683164542,-0.187064908
765,bike,54.31572798,0.84868325,7.50E-05,157.1460717,-0.000412759,-0.058133626,-0.05738721
766,bike,14.50925573,0.853485631,-0.026341537,153.4255196,0.002708584,-3.730915051,0.256761631
767,bike,14.60446225,0.405679507,0.019704397,89.99996374,-0.001302988,0.634032679,-0.047328726
768,bike,33.45113423,1.115037808,-0.027203157,112.8251402,0.0008819,-1.069801442,0.042026697
769,bike,23.01861825,0.298943094,-0.000746147,80.73109692,3.50E-05,0.190999462,0.010186906
770,bike,19.56067302,0.24148979,0.001945946,95.43805548,2.35E-05,0.975391237,-0.015190411
771,bike,16.76268047,0.39911144,0.003845796,174.4447457,-0.000378533,-0.255032036,-0.058838237
772,bike,17.37968085,0.560634866,-0.012052586,163.7334002,0.000631088,-2.726237979,0.107215798
773,bike,19.82249927,0.18700471,0.00751115,79.22002286,-9.47E-05,0.597451772,-0.009684265
774,bike,18.68054507,0.983186583,-0.002527293,142.5499107,-0.001289846,-0.429080344,-0.075025537
775,bike,15.89785632,0.935168019,-0.027034368,134.3973841,0.000854855,-1.854565544,0.169482717
776,bike,16.64543179,0.475583766,-0.012501829,102.8697699,0.000447617,1.026640651,-0.017424098
777,bike,12.31840094,0.038019756,0.003164779,138.8021927,2.12E-05,0.416797232,-0.033794067
778,bike,27.64861028,1.063408088,0.010027501,273.8444958,-9.17E-05,-10.53248061,0.851906242
779,bike,18.53772376,1.324123126,0.0076436,0,0.000505706,11.61708169,-0.727193086
780,bike,27.19153703,1.431133528,0.014723483,162.6391437,-0.004202272,1.436378486,-0.224828559
781,bike,18.81967666,1.710879696,-0.065119689,189.9303349,0.007531133,-2.835364139,0.288993129
782,bike,17.90213602,0.994563112,0.017722774,158.7413294,-0.003023214,0.343560284,0.120963621
783,bike,24.95788773,1.313573038,-0.036695087,164.9254145,0.002174783,2.520905456,-0.148140025
784,bike,83.82582869,0.616366387,0.004625792,212.8226182,-0.000157869,-0.293755018,0.009572486
785,bike,26.15495724,1.245474154,-0.016844436,172.8719357,0.011287434,1.008103142,-0.012313559
786,bike,26.75222967,0.891740989,0.220191682,194.0421016,-0.062948211,0.749518405,-0.994176397
787,bike,29.98996579,7.497491448,-1.668254657,216.5276538,0.41418135,-29.07577349,7.107965352
788,bike,31.32996718,0.82447282,-0.011529256,100.2245598,0.000615862,-0.643912085,-0.001528002
789,bike,15.06808225,0.386361083,0.011873504,75.75590062,-0.000584725,-0.701976161,0.097548177
790,bike,19.5368379,0.849427735,-0.010930767,48.37883034,0.000836934,3.102402749,-0.343120282
791,bike,14.95050231,0.598020092,0.008318716,119.7340936,-0.001289097,-4.789363743,0.325714312
792,bike,18.53772375,0.805987989,-0.023908706,0,0.008285489,3.353494059,-0.137195747
793,bike,16.64570373,0.25608775,0.166657541,77.13036336,-0.028739977,0.197991869,0.200482122
794,bike,66.53296759,11.08882793,-1.701440961,89.99983483,0.282289724,13.22932981,-2.645865313
795,bike,26.40546503,0.880182168,-0.007702619,169.3758137,0.000143205,-2.645862067,0.161930346
796,bike,19.47310749,0.649103583,-0.003406483,89.99995166,-2.08E-05,2.212048303,-0.033286642
797,bike,20.23563622,0.546909087,-0.004029268,156.3614008,0.000264683,1.213449049,-0.040957401
798,bike,17.90217795,0.397826177,0.005763985,201.2590156,7.21E-05,-0.301974774,0.008068153
799,bike,24.31660431,0.657205522,0.009008228,187.6701507,-0.000824064,0.061092102,0.003323307
800,bike,18.81968953,0.990509975,-0.021482134,189.9305585,0.001527745,0.184054459,-0.057531552
801,bike,20.96457956,0.582349432,0.00754503,193.4275932,1.80E-05,-0.909045028,0.002044539
802,bike,19.64132211,0.853970526,0.008193586,160.7019722,-0.000911913,-0.835441625,0.081834363
803,bike,26.06057504,1.042423002,-0.01278041,141.4868148,0.001782486,1.046748719,-0.018356678
804,bike,15.18116795,0.722912759,0.031781739,167.6555328,-0.001884642,0.587831771,-0.143551083
805,bike,16.68395139,1.390329282,-0.007795747,180,-0.001655091,-2.426740972,0.066657799
806,bike,23.34204574,1.296780319,-0.027656834,150.8791083,0.002634406,-1.62684739,0.021468925
807,bike,24.76767644,0.798957304,0.019762468,121.5958553,-0.001941498,-1.240406746,0.130705849
808,bike,31.05506417,1.411593826,-0.040423955,83.1432462,0.002136389,2.811474572,-0.068762148
809,bike,33.9473426,0.522266809,0.00657661,144.9956868,0.000109677,1.298707319,0.019778194
810,bike,17.09543645,0.949746469,0.01370561,229.4116625,-0.004666574,2.584289902,-0.392626023
811,bike,17.94671184,1.196447456,-0.070292714,275.9288808,0.004935696,-4.482978514,0.285996339
812,bike,16.90475217,0.142056741,0.003742724,208.6842031,-6.25E-05,-0.19303343,-0.002135304
813,bike,65.20593407,0.587440847,-0.003693304,185.7132249,5.57E-05,-0.447134644,0.00503396
814,bike,51.47040206,0.177484145,0.0024948,136.0812793,-4.42E-05,0.111634904,0.005815262
815,bike,56.76149489,0.900976109,-0.010336883,168.4554016,0.000481775,1.798060829,-0.01767855
816,bike,18.23192937,0.249752457,0.020014963,281.7332339,-0.001015278,0.684312187,-0.163802674
817,bike,27.37351654,1.710844784,-0.054100296,331.6880235,0.001122538,-11.27328305,0.541932661
818,bike,16.90480096,0.845240048,-0.03613968,151.3154947,0.002278441,-2.602360478,0.129510564
819,bike,11.50996562,0.122446443,0.009429131,99.2682851,0.001341245,-0.012149196,0.1001751
820,bike,26.22840423,1.008784778,0.135506125,98.12626067,-0.032526515,9.404310236,-1.82062236
821,bike,27.19166421,4.531944035,-0.710183259,342.6383268,0.118842687,-37.93187113,6.455410026
822,bike,78.8157447,0.270844484,0.002872863,115.0471,0.000612879,0.800589021,-0.008579639
823,bike,125.0737757,1.106847573,0.181220558,348.0185052,-0.064662737,-1.6960859,0.032653636
824,bike,64.75431187,21.58477062,-7.125668691,156.3607986,2.376056965,1.993774918,-0.750509633
825,bike,21.39974891,0.207764553,0.002502204,162.3421234,0.000329571,-0.257753982,-0.023697292
826,bike,23.27457724,0.465491545,0.03644806,135.7934632,-0.000903254,-2.6985751,0.194588982
827,bike,107.5310438,2.287894549,-0.008714635,0.864708205,0.001003905,7.030874013,-0.5073136
828,bike,16.90476029,1.878306699,0.038468906,331.3157868,-0.00883962,-16.8128652,1.892787418
829,bike,55.61317129,2.224526851,-0.041087678,180,0.003177736,0.222221559,-0.07668726
830,bike,16.76268857,1.197334898,0.038355727,185.555539,-0.006598324,-1.694959935,0.215233094
831,bike,31.21767148,1.734315082,-0.054020815,161.8260999,0.002048357,1.318303385,-0.105269114
832,bike,16.76268919,0.761940418,-0.017150385,185.5555608,0.000447151,-0.576540664,0.10620293
833,bike,13.07748641,0.384631953,-0.007313066,172.8716662,0.000353619,1.759923802,-0.064693527
834,bike,12.23889368,0.135987708,0.004709986,232.7090755,-5.90E-05,-0.439656099,0.010447861
835,bike,28.55420744,0.55988642,-0.000599123,193.1400266,1.43E-05,0.5006514,-0.00514818
836,bike,83.10499145,0.529331156,0.000127891,218.673248,1.26E-05,0.238094226,-0.009340452
837,bike,38.45870364,0.549410052,0.002108804,256.0540415,0.000709454,-1.228356744,0.082970823
838,bike,18.81971092,0.69702633,0.051770595,170.0690694,-0.005456648,4.579600832,-0.051556346
839,bike,23.04315636,2.094832396,-0.095558895,293.7182919,0.007684625,3.187579485,-0.719146508
840,bike,28.17948277,1.043684547,-0.011028018,328.7816662,0.002463314,-4.723032098,0.307711194
841,bike,17.90227326,0.745928052,0.055481455,201.2597995,-0.005507476,3.58517014,-0.1699135
842,bike,18.69734682,2.07748298,-0.07669798,287.3038829,0.003016549,-0.492753855,0.344025488
843,bike,24.96962095,1.387201164,-0.049549042,282.8690982,0.007288463,2.603475539,-0.19868214
844,bike,19.31741822,0.495318416,0.081643295,329.7316579,-0.001340219,-0.972802974,-0.095350254
845,bike,139.8174626,3.679406912,0.029374735,291.7923419,-0.004527581,-4.691462881,0.215298491
846,bike,148.6650523,4.795646848,-0.142673354,113.5167525,0.004630999,3.489879771,-0.114138936
847,bike,139.0442775,0.372772862,0.000887617,221.7030254,-5.02E-05,-0.048427253,-0.014616484
848,bike,16.18864066,0.703853942,-0.017830051,203.63966,0.000864074,-5.500375926,0.284238232
849,bike,24.96983439,0.293762758,0.002043644,77.13101367,9.46E-06,1.03710342,-0.040172102
850,bike,19.16637169,0.46747248,0.002847809,165.2848044,0.000150295,-2.377525212,0.067960571
851,bike,24.5377711,0.584232645,0.009009891,67.8062707,-0.000561797,0.408858192,0.001134616
852,bike,21.17825756,0.962648071,-0.014585577,84.97831475,-0.000154442,0.456512082,0.030765407
853,bike,21.17825746,0.641765378,-0.017983298,95.02158055,0.000553382,1.133351039,-0.030338835
854,bike,43.96803979,0.048316527,0.000278304,132.4221648,-3.29E-06,0.132169488,-0.000300871
855,bike,18.69754947,0.301573379,-0.002716687,252.6963992,3.37E-05,-0.141623523,-0.008567319
856,bike,12.64818547,0.133138794,-0.000626094,243.9157407,2.88E-05,-0.672797271,0.007517418
857,bike,11.12263426,0.07365983,0.002112171,180,-4.38E-05,0.041357472,-0.001362245
858,bike,14.91870835,0.392597588,-0.004506622,186.2449782,0.000215062,-0.164341532,-0.004197949
859,bike,14.83017901,0.221345955,0.003665727,180,-4.79E-05,-0.323863601,-0.003967097
860,bike,21.94663351,0.466949649,0.000457513,158.3011387,2.43E-05,-0.589659125,0.001585225
861,bike,17.09584658,0.48845276,0.001601751,130.5871598,3.07E-05,-0.515153571,0.036890957
862,bike,38.66049762,0.544514051,0.002676906,112.5567849,-6.95E-05,0.776029907,-0.003048017
863,bike,22.7718059,0.734574384,-0.002257441,167.6549082,-0.000471586,0.559620697,0.029653333
864,bike,18.60862427,0.664593724,-0.016876612,185.0031498,0.000712196,1.478874008,-0.040458084
865,bike,13.44340193,0.192048599,0.003064881,226.4116221,-0.000100498,0.346047658,-0.029430548
866,bike,22.36246309,0.406590238,-0.003969994,250.6349582,3.38E-05,-1.714090732,0.004507583
867,bike,16.18868668,0.188240543,-0.002111454,156.3599679,2.82E-05,-1.466173663,0.018949274
868,bike,12.87836838,0.006655488,0.000315221,30.26903291,-1.85E-06,0.163463886,-0.002975672
869,bike,20.96464765,0.616607284,-0.003256203,346.5716514,0.000233093,-5.594460819,0.264077182
870,bike,24.28302561,0.505896367,0.004668964,156.3599836,0.000515114,3.384163374,-0.130328946
871,bike,39.4203596,0.730006659,0.029394451,318.7998256,-0.004808257,-2.871626046,-0.147113495
872,bike,23.17307032,2.317307032,-0.230251422,163.7320191,0.023026621,-10.81575479,1.088687395
873,bike,9.837218718,0.01479281,1.48E-05,55.57447115,1.26E-05,0.07111915,0.000720776
874,bike,8.323405143,0.024625459,0.008386282,102.8687061,-0.001359646,0.550435261,-0.09971325
875,bike,17.15513251,2.859188752,-0.451174139,288.9158241,0.075091641,-33.1526434,5.593516135
876,bike,14.6058159,0.152143916,-0.000624296,89.99996375,1.83E-06,0.408453409,0.00252584
877,bike,14.6616268,0.092211489,-0.000448139,129.211491,0.000131059,0.65093407,-0.002901435
878,bike,6.119579342,0.020957463,0.020390201,232.7100082,-0.010222599,0.189605929,-0.476922948
879,bike,11.94979218,5.974896091,-2.964608574,288.0749394,1.482447054,-139.071895,69.75001267
880,bike,9.409862097,0.045678942,0.000285534,9.931149384,5.32E-05,0.42813032,0.001315988
881,bike,26.22925478,0.104499023,0.011245183,98.12599536,-0.001034576,0.699223911,-0.000539999
882,bike,29.27039999,2.927039999,-0.248433468,273.631197,0.023392848,0.563684173,-0.206370201
883,bike,11.51033836,0.442705322,-0.014504983,279.2680387,0.001083287,-1.500017838,0.00699541
884,bike,7.475635976,0.065575754,0.013660467,240.2675749,-0.000992675,-1.318137188,0.038316891
885,bike,25.96590331,1.622868957,-0.099504487,89.99993556,0.006614555,3.049988382,-0.074002951
886,bike,2.463772758,0.030797159,0.006328395,138.7997497,0.000641706,1.865941167,-0.049943311
887,bike,47.79912008,0.537068765,0.057664847,288.0750431,-0.003099529,-2.129523677,0.2060611
888,bike,62.36164175,5.669240159,-0.218193236,98.5474358,0.008695271,16.20991422,-1.103464966
889,bike,62.11317674,3.269114565,-0.122545252,276.8564922,0.006449676,4.071799596,-0.214321056
890,bike,63325.96752,0.940754784,-1.42E-06,354.2206845,1.03E-08,-0.000300465,1.26E-06
891,walk,239.2616097,0.845447384,0.000689818,333.9951786,-9.28E-06,0.08422999,-0.001854333
892,walk,42.66729851,1.040665817,-0.00193607,357.8322659,-1.64E-05,-0.440546216,0.00314806
893,walk,322.0311227,0.961286933,-0.002608318,339.769871,8.35E-06,-0.311475743,-0.000863768
894,walk,19.60011616,0.087500519,0.000188494,235.425497,1.45E-05,-0.600838087,0.008600535
895,walk,9.858962492,0.129723191,0.003445848,100.8377656,0.00011061,1.325681829,-0.017027634
896,walk,21.93002981,0.391607675,0.011852229,201.5895846,-0.000242826,0.031581633,0.001362746
897,walk,256.4457964,1.055332495,-0.00174604,203.358156,1.16E-05,0.107895405,-0.000266516
898,walk,377.3648159,0.631044843,0.001060772,229.5767395,-1.75E-05,0.043131941,-0.003162729
899,walk,36.69621161,1.265386607,-0.009386969,255.36964,0.000327412,-1.84817984,0.06354585
900,walk,604.8371916,0.993164518,0.000107991,201.7724247,3.27E-06,-0.0053502,-0.000465804
901,walk,25.41435145,1.05893131,0.002097162,198.5141527,0.000134415,-0.28902512,0.029208705
902,walk,32.16863275,1.109263198,0.005323129,191.5775498,-0.000478348,0.411983793,-0.021933522
903,walk,20.21814285,1.263633928,-0.008548963,203.5250798,-0.000863826,-0.224088333,0.021852371
904,walk,23.66386076,1.126850512,-0.022370177,199.9396665,0.001059217,0.125549606,-0.006160497
905,walk,580.1988191,0.657076805,-0.000126617,202.5762082,5.29E-06,-0.003820828,-0.00059975
906,walk,19.62987937,0.545274427,0.004542247,199.2024168,0.000125299,-0.533400468,0.00308113
907,walk,24.09904089,0.70879532,0.009053005,180,-0.000328847,-0.422479782,0.040232928
908,walk,32.5311195,1.016597484,-0.002127802,165.6356874,8.22E-05,0.945439765,-0.027597655
909,walk,300.6769805,0.948507825,0.000503044,195.8897599,-2.28E-05,0.062314791,-0.000886658
910,walk,38.77904958,1.107972845,-0.006710923,215.6435485,0.000250947,-0.218755717,0.006545188
911,walk,285.5006062,0.873090539,0.002072234,207.9870984,-3.53E-05,0.01032587,-0.002932398
912,walk,21.70995255,1.550710897,-0.00946121,211.3636578,-0.000577902,-0.948568427,0.310271027
913,walk,15.60079355,1.418253959,-0.017551837,198.0836998,0.001483863,3.395225952,-0.525451029
914,walk,19.60294007,1.225183754,-0.001229344,235.4311853,-7.91E-05,-2.384735369,0.1557949
915,walk,298.9675336,1.205514249,-0.002495385,197.2754194,6.25E-06,0.107983028,-0.000704186
916,walk,162.5044586,0.586658695,-0.000944735,224.0552104,3.74E-06,-0.06665499,5.80E-05
917,walk,164.4333825,0.324967159,9.05E-05,205.5917782,1.27E-05,-0.050576637,0.002516863
918,walk,12.97640664,0.370754475,0.00653667,180,-0.000173125,1.222955981,-0.034446651
919,walk,318.35464,0.599537929,0.000477297,222.8034593,-7.70E-07,0.017323213,0.000417678
920,walk,249.923965,0.852982816,6.85E-05,232.0020853,5.47E-05,0.239110102,-0.003097571
921,walk,20.95343566,0.873059819,0.01610796,302.0613452,-0.000926293,-0.668478277,0.045880624
922,walk,40.3088278,1.259650869,-0.006123079,286.0178665,-0.000745323,0.432656703,0.014300019
923,walk,22.33795883,1.063712325,-0.029973415,299.862881,0.00144592,0.890257317,-0.037673456
924,walk,178.0509516,0.434270614,0.000390911,318.5582847,-1.29E-06,0.09911474,-0.00148968
925,walk,344.8356699,0.594544259,-0.000139559,359.1953281,2.78E-05,-0.511654171,0.013836973
926,walk,20.03039537,0.513599881,0.015969364,62.43590899,-0.001494292,7.513790263,-0.22095442
927,walk,20.4552911,1.136405061,-0.042308037,355.4737292,0.002376425,-1.103432131,0.053448435
928,walk,492.5665564,0.374860393,0.00046761,335.6119509,1.97E-06,-0.141360302,-0.00021184
929,walk,25.72180331,0.989300127,0.003054796,149.8645147,-3.45E-05,-0.419717436,0.034391412
930,walk,24.58067086,1.06872482,0.002157194,138.9518613,0.000277354,0.47445928,-0.001358654
931,walk,25.72182674,1.118340293,0.008536343,149.8644248,-0.001624219,0.443210244,-0.067935456
932,walk,23.6641714,1.314676189,-0.02882069,160.0582604,0.001493189,-1.119305251,0.055311755
933,walk,218.0776335,0.795903772,-0.001943295,139.9107659,3.81E-05,-0.123693657,0.003506573
934,walk,13.43548497,0.263440882,0.008491086,106.0187038,-0.000167584,0.837107226,-0.017189905
935,walk,208.2493981,0.696486281,-5.57E-05,148.7111723,-8.30E-06,-0.039577937,-0.001906265
936,walk,134.6082921,0.679839859,-0.002538225,136.877369,3.01E-05,-0.609551196,0.00391136
937,walk,17.37258977,0.177271324,0.00343141,16.1862323,-5.74E-05,0.164898167,-0.002751947
938,walk,72.41047393,0.513549461,-0.002197454,32.34625263,4.17E-05,-0.104792662,0.00120857
939,walk,21.3893925,0.2037085,0.003685533,17.57048726,-4.62E-05,0.065615658,-0.001101245
940,walk,136.4492654,0.59068946,-0.001160429,24.46013138,3.96E-05,-0.050015076,0.002753505
941,walk,36.13460878,0.322630436,0.007988832,12.9066488,-8.65E-05,0.586044535,-0.01148571
942,walk,27.99973191,1.217379648,-0.001701664,78.5436367,-9.00E-05,-0.700354953,0.782987639
943,walk,20.03010323,1.178241367,-0.003770902,62.43547278,0.000288489,17.30836074,-1.850050505
944,walk,27.85340062,1.114136025,0.001133407,356.6776053,-0.000187396,-14.14249784,0.566802887
945,walk,29.7042513,1.142471204,-0.003551497,3.115159385,0.000533865,0.027574341,0.097815546
946,walk,24.15304261,1.050132287,0.01032899,3.832092241,-0.000600673,2.570778546,-0.16262392
947,walk,48.93256396,1.287699051,-0.00348649,62.9599988,0.000278608,-1.169571617,0.048732293
948,walk,25.41467314,1.155212415,0.007100614,18.51627734,-0.000334567,0.682255507,-0.021841911
949,walk,102.2912215,1.311425917,-0.000259867,33.52589849,4.34E-06,0.201733461,-0.006729454
950,walk,42.60815767,1.291156293,7.90E-05,49.26110844,-0.000254954,-0.323163946,0.008612962
951,walk,28.46279785,1.293763538,-0.008334479,38.59669823,-0.000451053,-0.038936212,-0.002136953
952,walk,21.09769515,1.110405008,-0.018257639,37.74010156,0.001001099,-0.085949173,0.007767142
953,walk,438.2546605,0.763509862,0.000763244,36.10706727,-2.92E-06,0.061626534,-0.002616088
954,walk,40.85481093,1.201612086,-0.000911038,71.48069792,0.000332529,-1.440007771,0.309124806
955,walk,42.14292465,1.170636796,0.010394954,22.5204337,-0.002617309,9.070235631,-1.102714429
956,walk,16.99340638,1.544855125,-0.083828154,349.0489164,0.00773463,-30.62748381,2.894565293
957,walk,168.7640108,0.622745427,0.001252781,12.14659452,-1.59E-06,1.212734416,-0.025038487
958,walk,49.07470419,0.962249102,0.000820835,340.7976213,-3.73E-06,-5.572695663,0.110560637
959,walk,286.1718284,1.004111679,0.000630662,56.59014253,1.55E-05,0.065896846,-0.002931809
960,walk,36.69936231,1.183850397,0.005049032,75.37074372,-3.28E-05,-0.769668737,0.047109768
961,walk,26.8074078,1.34037039,0.004031349,51.51101286,-0.000932513,0.690734082,-0.118139733
962,walk,35.52493441,1.420997376,-0.014618916,65.3256945,0.000588206,-1.672060583,0.066112291
963,walk,837.0309168,1.055524485,8.62E-05,23.52417993,7.03E-06,-0.019253314,0.001747479
964,walk,22.47824251,1.123912126,0.005664503,8.256301902,-0.000351497,1.36649737,-0.059991374
965,walk,332.8073901,1.237202194,-0.001365437,35.58624929,9.80E-06,0.166669888,-2.39E-05
966,walk,345.3502021,0.869899754,0.001270168,80.42044924,4.99E-06,0.160247797,-0.00016969
967,walk,27.48312569,1.374156284,0.003253156,144.0388246,-0.00015995,0.092880939,-0.02366213
968,walk,20.14907162,1.439219401,5.42E-05,145.8964433,-0.001588114,-0.380361662,0.01776089
969,walk,43.19932676,1.439977559,-0.022179439,140.5713801,0.000707438,-0.131709208,-0.00123192
970,walk,627.421457,0.774594391,-0.000956289,136.6201038,0,-0.168666795,0
971,walk,0,0,-0.000956289,0,0,-0.168666795,0